timestamp,cpu_percent,mem_percent,response_ms,apache_procs,connections,load_avg
2025-11-29 10:45:03,4,9,47.1,352,3,0,56.43
2025-11-29 10:45:03,40,0,47.0,25,3,0,56.43
2025-11-29 10:45:04,14,5,47.1,12,3,0,56.43
2025-11-29 10:45:04,14,9,47.2,13,3,0,56.43
2025-11-29 10:45:04,7,0,47.2,10,3,0,56.43
2025-11-29 10:45:05,22,2,47.0,12,3,0,56.43
2025-11-29 10:45:05,4,4,47.1,12,3,0,56.43
2025-11-29 10:45:06,2,9,47.1,14,3,0,56.43
2025-11-29 10:45:06,1,5,47.0,10,3,0,56.43
2025-11-29 10:45:06,2,9,47.0,13,3,0,55.91
2025-11-29 10:45:07,10,1,47.0,13,3,0,55.91
2025-11-29 10:45:07,4,3,47.2,14,3,0,55.91
2025-11-29 10:45:07,2,9,47.2,12,3,0,55.91
2025-11-29 10:45:08,2,9,47.2,12,3,0,55.91
2025-11-29 10:45:08,4,5,47.2,14,3,0,55.91
2025-11-29 10:45:08,1,4,47.2,13,3,0,55.91
2025-11-29 10:45:09,2,9,47.2,12,3,0,55.91
2025-11-29 10:45:09,2,9,47.2,12,3,0,55.91
2025-11-29 10:45:10,4,3,47.3,12,3,0,55.91
2025-11-29 10:45:10,4,4,47.3,14,3,0,55.91
2025-11-29 10:45:10,24,4,47.3,13,3,0,55.91
2025-11-29 10:45:11,5,8,47.3,11,3,0,55.91
2025-11-29 10:45:11,3,0,47.3,10,3,0,55.92
2025-11-29 10:45:11,2,9,47.3,14,3,0,55.92
2025-11-29 10:45:12,4,4,47.4,14,3,0,55.92
2025-11-29 10:45:12,2,9,47.4,14,3,0,55.92
2025-11-29 10:45:13,0,0,47.4,13,3,0,55.92
2025-11-29 10:45:13,1,4,47.4,13,3,0,55.92
2025-11-29 10:45:13,0,0,47.4,14,3,0,55.92
2025-11-29 10:45:14,4,4,47.4,10,3,0,55.92
2025-11-29 10:45:14,0,0,47.5,12,3,0,55.92
2025-11-29 10:45:14,1,4,47.5,10,3,0,55.92
2025-11-29 10:45:15,4,3,47.5,10,3,0,55.92
2025-11-29 10:45:15,1,4,47.5,14,3,0,55.92
2025-11-29 10:45:15,0,0,47.5,14,3,0,55.92
2025-11-29 10:45:16,1,4,47.5,11,3,0,55.92
2025-11-29 10:45:16,1,4,47.5,14,3,0,56.01
2025-11-29 10:45:17,14,1,47.5,13,3,0,56.01
2025-11-29 10:45:17,2,9,47.5,14,3,0,56.01
2025-11-29 10:45:17,1,5,47.5,14,3,0,56.01
2025-11-29 10:45:18,5,9,47.5,14,3,0,56.01
2025-11-29 10:45:18,1,5,47.5,14,3,0,56.01
2025-11-29 10:45:18,1,5,47.6,14,3,0,56.01
2025-11-29 10:45:19,0,0,47.6,12,3,0,56.01
2025-11-29 10:45:19,2,9,47.6,14,3,0,56.01
2025-11-29 10:45:20,1,4,47.6,13,3,0,56.01
2025-11-29 10:45:20,1,5,47.6,13,3,0,56.01
2025-11-29 10:45:20,1,4,47.6,14,3,0,56.01
2025-11-29 10:45:21,4,4,47.6,14,3,0,56.01
2025-11-29 10:45:21,1,4,47.6,14,3,0,56.01
2025-11-29 10:45:21,2,9,47.5,14,3,0,56.65
2025-11-29 10:45:22,4,2,47.5,14,3,0,56.65
2025-11-29 10:45:22,3,0,47.5,13,3,0,56.65
2025-11-29 10:45:22,1,5,47.6,13,3,0,56.65
2025-11-29 10:45:23,2,8,47.6,14,3,0,56.65
2025-11-29 10:45:23,1,5,47.6,13,3,0,56.65
2025-11-29 10:45:24,7,5,47.6,10,3,0,56.65
2025-11-29 10:45:24,1,5,47.7,14,3,0,56.65
2025-11-29 10:45:24,1,4,47.7,14,3,0,56.65
2025-11-29 10:45:25,5,9,47.7,14,3,0,56.65
2025-11-29 10:45:25,2,9,47.7,13,3,0,56.65
2025-11-29 10:45:25,1,5,47.7,12,3,0,56.65
2025-11-29 10:45:26,2,9,47.7,14,3,0,56.65
2025-11-29 10:45:26,2,9,47.7,13,3,0,57.08
2025-11-29 10:45:27,10,1,47.7,13,3,0,57.08
2025-11-29 10:45:27,4,3,47.6,12,3,0,57.08
2025-11-29 10:45:27,22,7,47.5,12,3,0,57.08
2025-11-29 10:45:28,5,7,47.5,13,3,0,57.08
2025-11-29 10:45:28,2,9,47.2,14,3,0,57.08
2025-11-29 10:45:28,2,9,47.2,14,3,0,57.08
2025-11-29 10:45:29,4,3,47.2,14,3,0,57.08
2025-11-29 10:45:29,5,7,47.2,10,3,0,57.08
2025-11-29 10:45:29,1,5,47.1,13,3,0,57.08
2025-11-29 10:45:30,0,0,47.1,14,3,0,57.08
2025-11-29 10:45:30,1,5,47.1,12,3,0,57.08
2025-11-29 10:45:31,4,3,47.1,13,3,0,57.08
2025-11-29 10:45:31,2,9,47.2,13,3,0,57.08
2025-11-29 10:45:31,2,9,47.2,14,3,0,57.79
2025-11-29 10:45:32,2,9,47.2,10,3,0,57.79
2025-11-29 10:45:32,2,9,47.2,13,3,0,57.79
2025-11-29 10:45:32,2,9,47.2,14,3,0,57.79
2025-11-29 10:45:33,1,5,47.2,13,3,0,57.79
2025-11-29 10:45:33,2,9,47.2,14,3,0,57.79
2025-11-29 10:45:34,17,4,47.4,16,3,0,57.79
2025-11-29 10:45:34,5,6,47.9,10,3,0,57.79
2025-11-29 10:45:34,1,4,47.9,14,3,0,57.79
2025-11-29 10:45:35,1,5,47.9,11,3,0,57.79
2025-11-29 10:45:35,1,4,47.9,15,3,0,57.79
2025-11-29 10:45:35,7,5,47.9,11,3,0,57.79
2025-11-29 10:45:36,22,1,47.9,10,3,0,57.79
2025-11-29 10:45:36,0,0,48.0,13,3,0,58.29
2025-11-29 10:45:36,11,8,48.0,13,3,0,58.29
2025-11-29 10:45:37,2,9,48.0,14,3,0,58.29
2025-11-29 10:45:37,2,9,48.0,14,3,0,58.29
2025-11-29 10:45:38,4,5,48.0,10,3,0,58.29
2025-11-29 10:45:38,1,4,48.0,14,3,0,58.29
2025-11-29 10:45:38,1,5,48.0,14,3,0,58.29
2025-11-29 10:45:39,2,9,48.0,13,3,0,58.29
2025-11-29 10:45:39,2,9,47.9,14,3,0,58.29
2025-11-29 10:45:39,4,5,47.9,14,3,0,58.29
2025-11-29 10:45:40,2,9,48.0,13,3,0,58.29
2025-11-29 10:45:40,1,4,48.0,14,3,0,58.29
2025-11-29 10:45:41,1,5,48.0,15,3,0,58.29
2025-11-29 10:45:41,0,0,48.0,14,3,0,58.29
2025-11-29 10:45:41,2,8,47.9,14,3,0,58.75
2025-11-29 10:45:42,2,9,47.9,10,3,0,58.75
2025-11-29 10:45:42,2,9,47.9,14,3,0,58.75
2025-11-29 10:45:42,1,5,47.9,14,3,0,58.75
2025-11-29 10:45:43,2,9,47.9,12,3,0,58.75
2025-11-29 10:45:43,2,9,47.9,14,3,0,58.75
2025-11-29 10:45:44,7,0,47.9,12,3,0,58.75
2025-11-29 10:45:44,2,9,47.9,14,3,0,58.75
2025-11-29 10:45:44,2,9,48.0,14,3,0,58.75
2025-11-29 10:45:45,2,9,47.9,12,3,0,58.75
2025-11-29 10:45:45,1,5,47.9,14,3,0,58.75
2025-11-29 10:45:45,19,4,47.8,13,3,0,58.75
2025-11-29 10:45:46,13,2,47.5,13,3,0,58.75
2025-11-29 10:45:46,2,9,47.5,13,3,0,59.17
2025-11-29 10:45:46,8,6,47.5,10,3,1,59.17
2025-11-29 10:45:47,3,0,47.5,13,3,2,59.17
2025-11-29 10:45:47,4,2,47.5,14,3,2,59.17
2025-11-29 10:45:48,1,5,47.5,13,3,2,59.17
2025-11-29 10:45:48,1,4,47.5,14,3,2,59.17
2025-11-29 10:45:48,2,9,47.5,14,3,2,59.17
2025-11-29 10:45:49,5,6,47.6,13,3,2,59.17
2025-11-29 10:45:49,5,8,47.6,14,3,2,59.17
2025-11-29 10:45:49,4,3,47.6,12,3,2,59.17
2025-11-29 10:45:50,1,4,47.6,13,3,2,59.17
2025-11-29 10:45:50,1,4,47.6,14,3,2,59.17
2025-11-29 10:45:51,0,0,47.6,14,3,2,59.17
2025-11-29 10:45:51,2,9,47.6,10,3,2,59.17
2025-11-29 10:45:51,1,4,47.6,12,3,1,59.64
2025-11-29 10:45:52,3,0,47.6,13,3,0,59.64
2025-11-29 10:45:52,2,9,47.6,12,3,0,59.64
2025-11-29 10:45:52,2,9,47.6,14,3,0,59.64
2025-11-29 10:45:53,2,9,47.5,14,3,0,59.64
2025-11-29 10:45:53,1,5,47.5,10,3,0,59.64
2025-11-29 10:45:53,4,2,47.6,14,3,0,59.64
2025-11-29 10:45:54,5,9,47.6,14,3,0,59.64
2025-11-29 10:45:54,2,9,47.6,13,3,0,59.64
2025-11-29 10:45:55,1,5,47.6,10,3,0,59.64
2025-11-29 10:45:55,2,9,47.5,13,3,0,59.64
2025-11-29 10:45:55,1,5,47.5,14,3,1,59.64
2025-11-29 10:45:56,4,3,47.4,12,3,1,59.64
2025-11-29 10:45:56,4,2,47.4,13,3,1,60.06
2025-11-29 10:45:56,2,9,47.4,11,3,1,60.06
2025-11-29 10:45:57,5,7,47.7,13,3,1,60.06
2025-11-29 10:45:57,23,1,47.6,10,3,1,60.06
2025-11-29 10:45:58,2,9,47.6,15,3,1,60.06
2025-11-29 10:45:58,1,5,47.6,14,3,1,60.06
2025-11-29 10:45:58,2,9,47.6,14,3,1,60.06
2025-11-29 10:45:59,5,7,47.7,12,3,1,60.06
2025-11-29 10:45:59,4,3,47.6,14,3,1,60.06
2025-11-29 10:45:59,4,4,47.6,12,3,1,60.06
2025-11-29 10:46:00,1,4,47.6,12,3,1,60.06
2025-11-29 10:46:00,1,5,47.6,10,3,1,60.06
2025-11-29 10:46:01,0,0,47.6,14,3,0,60.06
2025-11-29 10:46:01,1,5,47.6,13,3,0,60.06
2025-11-29 10:46:01,4,2,47.6,14,3,0,60.54
2025-11-29 10:46:02,5,9,47.6,13,3,0,60.54
2025-11-29 10:46:02,4,3,47.6,14,3,0,60.54
2025-11-29 10:46:02,1,5,47.6,14,3,0,60.54
2025-11-29 10:46:03,1,5,47.7,14,3,0,60.54
2025-11-29 10:46:03,1,4,47.7,14,3,0,60.54
2025-11-29 10:46:03,1,4,47.6,14,3,0,60.54
2025-11-29 10:46:04,1,5,46.5,14,3,0,60.54
2025-11-29 10:46:04,2,9,46.5,14,3,0,60.54
2025-11-29 10:46:05,4,3,46.5,11,3,0,60.54
2025-11-29 10:46:05,7,4,46.5,12,3,0,60.54
2025-11-29 10:46:05,1,4,46.5,14,3,0,60.54
2025-11-29 10:46:06,7,4,46.4,13,3,0,60.54
2025-11-29 10:46:06,2,9,46.5,12,3,0,60.54
2025-11-29 10:46:06,2,9,46.5,10,3,0,60.90
2025-11-29 10:46:07,2,9,46.6,12,3,0,60.90
2025-11-29 10:46:07,2,9,46.6,14,3,0,60.90
2025-11-29 10:46:08,1,5,46.6,14,3,0,60.90
2025-11-29 10:46:08,0,0,46.6,14,3,0,60.90
2025-11-29 10:46:08,1,4,46.5,14,3,0,60.90
2025-11-29 10:46:09,6,0,46.5,10,3,0,60.90
2025-11-29 10:46:09,2,9,46.5,14,3,0,60.90
2025-11-29 10:46:09,2,9,46.5,14,3,0,60.90
2025-11-29 10:46:10,4,3,46.6,13,3,0,60.90
2025-11-29 10:46:10,1,4,46.6,13,3,0,60.90
2025-11-29 10:46:10,1,5,46.6,13,3,0,60.90
2025-11-29 10:46:11,1,5,46.6,14,3,0,60.90
2025-11-29 10:46:11,4,3,46.6,10,3,0,61.15
2025-11-29 10:46:12,2,9,46.6,13,3,0,61.15
2025-11-29 10:46:12,0,0,46.6,13,3,0,61.15
2025-11-29 10:46:12,1,5,46.6,14,3,0,61.15
2025-11-29 10:46:13,5,6,46.6,14,3,0,61.15
2025-11-29 10:46:13,2,9,46.6,14,3,0,61.15
2025-11-29 10:46:13,2,9,46.6,14,3,0,61.15
2025-11-29 10:46:14,1,5,46.7,14,3,0,61.15
2025-11-29 10:46:14,4,3,46.7,12,3,0,61.15
2025-11-29 10:46:15,2,9,46.7,11,3,0,61.15
2025-11-29 10:46:15,1,4,46.7,12,3,0,61.15
2025-11-29 10:46:15,21,1,46.7,13,3,0,61.15
2025-11-29 10:46:16,4,5,46.7,13,3,0,61.15
2025-11-29 10:46:16,1,5,46.6,14,3,0,61.15
2025-11-29 10:46:16,1,5,46.6,12,3,0,61.62
2025-11-29 10:46:17,2,9,46.6,14,3,0,61.62
2025-11-29 10:46:17,2,9,46.6,13,3,0,61.62
2025-11-29 10:46:17,10,3,46.6,11,3,0,61.62
2025-11-29 10:46:18,4,3,46.6,14,3,1,61.62
2025-11-29 10:46:18,5,8,46.6,11,3,1,61.62
2025-11-29 10:46:19,4,5,46.6,10,3,1,61.62
2025-11-29 10:46:19,5,7,46.7,14,3,1,61.62
2025-11-29 10:46:19,1,5,46.7,14,3,1,61.62
2025-11-29 10:46:20,4,3,46.7,14,3,1,61.62
2025-11-29 10:46:20,2,8,46.6,14,3,1,61.62
2025-11-29 10:46:20,0,0,46.6,14,3,1,61.62
2025-11-29 10:46:21,4,3,46.6,14,3,1,61.62
2025-11-29 10:46:21,1,5,46.6,14,3,1,61.81
2025-11-29 10:46:22,2,9,46.7,15,3,1,61.81
2025-11-29 10:46:22,2,9,46.7,14,3,1,61.81
2025-11-29 10:46:22,10,0,46.7,14,3,1,61.81
2025-11-29 10:46:23,4,5,46.7,13,3,2,61.81
2025-11-29 10:46:23,1,4,46.6,14,3,1,61.81
2025-11-29 10:46:23,2,9,46.6,13,3,1,61.81
2025-11-29 10:46:24,4,4,46.7,13,3,1,61.81
2025-11-29 10:46:24,1,5,46.7,10,3,1,61.81
2025-11-29 10:46:25,1,5,46.7,14,3,1,61.81
2025-11-29 10:46:25,2,9,46.8,13,3,1,61.81
2025-11-29 10:46:25,1,4,46.8,14,3,1,61.81
2025-11-29 10:46:26,4,4,46.8,13,3,1,61.81
2025-11-29 10:46:26,2,9,46.8,10,3,1,61.81
2025-11-29 10:46:26,1,5,46.8,14,3,1,62.06
2025-11-29 10:46:27,4,3,46.7,15,3,1,62.06
2025-11-29 10:46:27,1,4,46.7,14,3,1,62.06
2025-11-29 10:46:27,1,4,46.7,14,3,1,62.06
2025-11-29 10:46:28,2,9,46.8,14,3,1,62.06
2025-11-29 10:46:28,2,9,46.8,14,3,1,62.06
2025-11-29 10:46:29,9,0,46.8,11,3,1,62.06
2025-11-29 10:46:29,1,5,46.7,14,3,1,62.06
2025-11-29 10:46:29,1,4,46.7,14,3,1,62.06
2025-11-29 10:46:30,4,5,46.7,10,3,1,62.06
2025-11-29 10:46:30,1,4,46.7,14,3,1,62.06
2025-11-29 10:46:30,2,9,46.7,14,3,1,62.06
2025-11-29 10:46:31,2,9,46.7,12,3,1,62.06
2025-11-29 10:46:31,2,9,46.7,14,3,1,62.22
2025-11-29 10:46:32,1,5,46.7,14,3,1,62.22
2025-11-29 10:46:32,1,5,46.7,14,3,1,62.22
2025-11-29 10:46:32,1,5,46.7,14,3,1,62.22
2025-11-29 10:46:33,4,4,46.7,13,3,0,62.22
2025-11-29 10:46:33,2,8,46.7,14,3,0,62.22
2025-11-29 10:46:33,18,6,46.6,10,3,0,62.22
2025-11-29 10:46:34,3,0,46.6,12,3,0,62.22
2025-11-29 10:46:34,2,9,46.6,13,3,0,62.22
2025-11-29 10:46:34,2,9,46.6,12,3,0,62.22
2025-11-29 10:46:35,2,9,46.6,14,3,0,62.22
2025-11-29 10:46:35,4,3,46.5,11,3,0,62.22
2025-11-29 10:46:36,3,0,46.5,10,3,0,62.22
2025-11-29 10:46:36,84,7,46.1,15,3,0,62.22
2025-11-29 10:46:36,26,5,45.8,11,3,0,62.44
2025-11-29 10:46:37,56,5,45.7,10,3,0,62.44
2025-11-29 10:46:37,1,4,45.7,15,3,0,62.44
2025-11-29 10:46:37,3,0,45.7,13,3,0,62.44
2025-11-29 10:46:38,1,4,45.7,14,3,0,62.44
2025-11-29 10:46:38,2,9,45.7,13,3,0,62.44
2025-11-29 10:46:39,7,5,45.7,14,3,0,62.44
2025-11-29 10:46:39,2,9,45.5,14,3,0,62.44
2025-11-29 10:46:39,4,3,45.5,14,3,0,62.44
2025-11-29 10:46:40,2,9,45.5,14,3,0,62.44
2025-11-29 10:46:40,1,4,45.5,14,3,0,62.44
2025-11-29 10:46:40,1,5,45.5,11,3,0,62.44
2025-11-29 10:46:41,1,5,45.5,14,3,0,62.44
2025-11-29 10:46:41,4,3,45.5,14,3,0,62.57
2025-11-29 10:46:42,3,0,45.5,14,3,0,62.57
2025-11-29 10:46:42,2,8,45.5,15,3,0,62.57
2025-11-29 10:46:42,2,9,45.5,14,3,0,62.57
2025-11-29 10:46:43,3,0,45.5,14,3,0,62.57
2025-11-29 10:46:43,2,9,45.6,10,3,0,62.57
2025-11-29 10:46:43,1,5,45.6,14,3,0,62.57
2025-11-29 10:46:44,2,9,45.6,11,3,0,62.57
2025-11-29 10:46:44,1,5,45.6,14,3,0,62.57
2025-11-29 10:46:44,2,9,45.6,12,3,0,62.57
2025-11-29 10:46:45,1,5,45.7,14,3,0,62.57
2025-11-29 10:46:45,2,9,45.7,11,3,0,62.57
2025-11-29 10:46:46,4,3,45.6,14,3,0,62.57
2025-11-29 10:46:46,5,7,45.6,12,3,0,62.57
2025-11-29 10:46:46,1,5,45.6,12,3,0,62.68
2025-11-29 10:46:47,1,5,45.6,15,3,1,62.68
2025-11-29 10:46:47,5,7,45.6,10,3,1,62.68
2025-11-29 10:46:47,1,4,45.6,14,3,1,62.68
2025-11-29 10:46:48,1,4,45.6,14,3,1,62.68
2025-11-29 10:46:48,2,9,45.7,12,3,1,62.68
2025-11-29 10:46:49,4,4,45.7,10,3,1,62.68
2025-11-29 10:46:49,2,9,45.7,13,3,1,62.68
2025-11-29 10:46:49,1,4,45.8,14,3,1,62.68
2025-11-29 10:46:50,4,4,45.7,12,3,1,62.68
2025-11-29 10:46:50,2,9,45.7,15,3,1,62.68
2025-11-29 10:46:50,2,9,45.7,10,3,1,62.68
2025-11-29 10:46:51,24,3,45.6,14,3,1,62.68
2025-11-29 10:46:51,1,5,45.6,14,3,1,62.79
2025-11-29 10:46:52,1,4,45.6,14,3,1,62.79
2025-11-29 10:46:52,2,9,45.5,14,3,0,62.79
2025-11-29 10:46:52,2,9,45.5,14,3,0,62.79
2025-11-29 10:46:53,4,4,45.5,12,3,0,62.79
2025-11-29 10:46:53,1,5,45.5,12,3,0,62.79
2025-11-29 10:46:53,2,9,45.5,14,3,0,62.79
2025-11-29 10:46:54,2,9,45.6,10,3,0,62.79
2025-11-29 10:46:54,1,5,45.5,12,3,0,62.79
2025-11-29 10:46:54,2,9,45.6,14,3,0,62.79
2025-11-29 10:46:55,2,9,45.6,14,3,0,62.79
2025-11-29 10:46:55,1,5,45.6,14,3,0,62.79
2025-11-29 10:46:56,4,3,45.6,13,3,0,62.79
2025-11-29 10:46:56,4,3,45.6,12,3,0,62.79
2025-11-29 10:46:56,0,0,45.6,11,3,0,62.96
2025-11-29 10:46:57,4,4,45.5,13,3,0,62.96
2025-11-29 10:46:57,3,0,45.5,12,3,0,62.96
2025-11-29 10:46:57,1,4,45.5,14,3,0,62.96
2025-11-29 10:46:58,4,3,45.5,14,3,0,62.96
2025-11-29 10:46:58,1,4,45.5,13,3,1,62.96
2025-11-29 10:46:59,5,8,45.5,11,3,1,62.96
2025-11-29 10:46:59,4,4,45.6,14,3,1,62.96
2025-11-29 10:46:59,1,4,45.5,14,3,1,62.96
2025-11-29 10:47:00,4,3,45.5,10,3,1,62.96
2025-11-29 10:47:00,4,3,45.5,14,3,1,62.96
2025-11-29 10:47:00,1,5,45.6,13,3,1,62.96
2025-11-29 10:47:01,2,9,45.6,14,3,1,62.96
2025-11-29 10:47:01,1,5,45.6,14,3,1,63.13
2025-11-29 10:47:02,4,3,45.6,14,3,1,63.13
2025-11-29 10:47:02,2,9,45.6,13,3,1,63.13
2025-11-29 10:47:02,2,9,45.6,14,3,1,63.13
2025-11-29 10:47:03,5,9,45.6,13,3,1,63.13
2025-11-29 10:47:03,2,9,45.6,14,3,1,63.13
2025-11-29 10:47:03,1,5,45.6,14,3,0,63.13
2025-11-29 10:47:04,5,9,45.6,14,3,0,63.13
2025-11-29 10:47:04,2,9,45.6,12,3,0,63.13
2025-11-29 10:47:04,2,9,45.6,12,3,0,63.13
2025-11-29 10:47:05,1,4,45.6,14,3,0,63.13
2025-11-29 10:47:05,1,4,45.6,12,3,0,63.13
2025-11-29 10:47:06,1,5,45.6,14,3,0,63.13
2025-11-29 10:47:06,1,5,45.6,14,3,0,63.13
2025-11-29 10:47:06,5,7,45.6,14,3,0,63.20
2025-11-29 10:47:07,5,9,45.6,12,3,0,63.20
2025-11-29 10:47:07,2,9,45.6,13,3,0,63.20
2025-11-29 10:47:07,2,9,45.6,14,3,0,63.20
2025-11-29 10:47:08,1,5,45.5,14,3,0,63.20
2025-11-29 10:47:08,4,3,45.6,14,3,0,63.20
2025-11-29 10:47:09,24,3,45.6,10,3,0,63.20
2025-11-29 10:47:09,4,3,45.6,14,3,0,63.20
2025-11-29 10:47:09,2,9,45.6,14,3,0,63.20
2025-11-29 10:47:10,4,5,45.6,13,3,0,63.20
2025-11-29 10:47:10,4,2,45.5,14,3,0,63.20
2025-11-29 10:47:10,1,5,45.5,13,3,0,63.20
2025-11-29 10:47:11,4,3,45.6,14,3,0,63.20
2025-11-29 10:47:11,4,3,45.6,14,3,0,63.20
2025-11-29 10:47:11,2,9,45.6,12,3,0,63.34
2025-11-29 10:47:12,1,4,45.6,14,3,0,63.34
2025-11-29 10:47:12,1,5,45.6,13,3,0,63.34
2025-11-29 10:47:13,1,5,45.6,13,3,0,63.34
2025-11-29 10:47:13,1,4,45.6,10,3,0,63.34
2025-11-29 10:47:13,1,5,45.6,11,3,0,63.34
2025-11-29 10:47:14,5,7,45.6,13,3,0,63.34
2025-11-29 10:47:14,1,5,45.6,11,3,0,63.34
2025-11-29 10:47:14,2,9,45.6,12,3,0,63.34
2025-11-29 10:47:15,2,9,45.6,14,3,0,63.34
2025-11-29 10:47:15,2,9,45.6,14,3,0,63.34
2025-11-29 10:47:16,5,8,45.6,12,3,0,63.34
2025-11-29 10:47:16,5,8,45.7,14,3,0,63.34
2025-11-29 10:47:16,2,8,45.7,14,3,0,63.39
2025-11-29 10:47:17,11,4,45.6,12,3,0,63.39
2025-11-29 10:47:17,6,0,45.6,10,3,0,63.39
2025-11-29 10:47:17,1,5,45.6,12,3,0,63.39
2025-11-29 10:47:18,16,9,45.7,10,3,0,63.39
2025-11-29 10:47:18,22,1,45.8,10,3,0,63.39
2025-11-29 10:47:18,27,9,46.1,10,3,0,63.39
2025-11-29 10:47:19,23,2,46.5,10,3,0,63.39
2025-11-29 10:47:19,23,5,46.8,11,3,0,63.39
2025-11-29 10:47:20,10,1,46.9,12,3,0,63.39
2025-11-29 10:47:20,24,6,47.1,10,3,0,63.39
2025-11-29 10:47:20,25,4,47.4,10,3,0,63.39
2025-11-29 10:47:21,26,5,47.6,10,3,0,63.39
2025-11-29 10:47:21,22,7,47.7,10,3,0,63.39
2025-11-29 10:47:21,0,0,47.7,10,3,0,63.60
2025-11-29 10:47:22,3,0,47.8,12,3,0,63.60
2025-11-29 10:47:22,2,9,47.8,10,3,0,63.60
2025-11-29 10:47:22,7,1,47.3,10,3,0,63.60
2025-11-29 10:47:24,7,0,48.5,14,3,0,63.60
2025-11-29 10:47:24,30,4,48.7,11,3,0,63.60
2025-11-29 10:47:24,7,4,48.9,11,3,0,63.60
2025-11-29 10:47:25,29,3,49.1,10,3,0,63.60
2025-11-29 10:47:25,11,1,49.0,10,3,0,63.60
2025-11-29 10:47:25,13,2,49.1,10,3,0,63.60
2025-11-29 10:47:26,13,0,49.2,12,3,0,63.60
2025-11-29 10:47:26,7,1,49.2,12,3,0,63.60
2025-11-29 10:47:26,10,4,49.2,12,3,0,63.88
2025-11-29 10:47:27,23,2,49.7,10,3,1,63.88
2025-11-29 10:47:27,24,6,54.1,230,3,1,63.88
2025-11-29 10:47:28,21,7,56.6,53,3,1,63.88
2025-11-29 10:47:28,25,0,57.5,12,3,1,63.88
2025-11-29 10:47:29,8,7,56.8,12,3,1,63.88
2025-11-29 10:47:29,27,5,56.9,10,3,1,63.88
2025-11-29 10:47:29,25,8,57.0,10,3,1,63.88
2025-11-29 10:47:30,26,9,57.0,10,3,1,63.88
2025-11-29 10:47:30,23,2,57.1,11,3,1,63.88
2025-11-29 10:47:31,26,1,57.2,11,3,1,63.88
2025-11-29 10:47:31,27,1,57.2,11,3,1,63.88
2025-11-29 10:47:31,24,6,57.8,10,3,1,63.97
2025-11-29 10:47:32,33,3,57.8,10,3,1,63.97
2025-11-29 10:47:32,1,4,57.5,14,3,0,63.97
2025-11-29 10:47:32,25,4,57.6,10,3,0,63.97
2025-11-29 10:47:33,7,2,49.1,10,3,0,63.97
2025-11-29 10:47:33,10,1,47.0,10,3,0,63.97
2025-11-29 10:47:33,4,4,47.1,12,3,0,63.97
2025-11-29 10:47:34,1,5,47.2,13,3,0,63.97
2025-11-29 10:47:34,5,5,47.2,11,3,0,63.97
2025-11-29 10:47:35,8,8,47.3,10,3,0,63.97
2025-11-29 10:47:35,4,5,47.3,10,3,0,63.97
2025-11-29 10:47:35,5,8,47.4,12,3,0,63.97
2025-11-29 10:47:36,5,8,47.5,10,3,0,63.97
2025-11-29 10:47:36,11,6,47.7,10,3,0,63.97
2025-11-29 10:47:36,1,5,47.8,13,3,0,64.05
2025-11-29 10:47:37,2,9,47.4,13,3,0,64.05
2025-11-29 10:47:37,4,4,47.4,10,3,0,64.05
2025-11-29 10:47:37,7,1,47.4,10,3,1,64.05
2025-11-29 10:47:38,4,3,47.4,10,3,1,64.05
2025-11-29 10:47:38,5,7,47.4,11,3,1,64.05
2025-11-29 10:47:39,7,2,47.4,12,3,1,64.05
2025-11-29 10:47:39,3,0,47.4,13,3,1,64.05
2025-11-29 10:47:39,3,0,47.5,10,3,1,64.05
2025-11-29 10:47:40,4,6,47.5,10,3,1,64.05
2025-11-29 10:47:40,7,0,47.5,10,3,1,64.05
2025-11-29 10:47:40,2,9,47.4,10,3,1,64.05
2025-11-29 10:47:41,2,9,47.4,13,3,1,64.05
2025-11-29 10:47:41,1,4,47.4,11,3,1,64.05
2025-11-29 10:47:41,1,5,47.5,10,3,1,64.37
2025-11-29 10:47:42,5,7,47.4,10,3,1,64.37
2025-11-29 10:47:42,2,8,47.4,10,3,1,64.37
2025-11-29 10:47:43,24,1,47.4,13,3,0,64.37
2025-11-29 10:47:43,4,4,47.4,10,3,0,64.37
2025-11-29 10:47:43,2,9,47.4,10,3,0,64.37
2025-11-29 10:47:44,8,5,47.5,10,3,0,64.37
2025-11-29 10:47:44,1,5,47.5,10,3,0,64.37
2025-11-29 10:47:44,2,9,47.5,13,3,0,64.37
2025-11-29 10:47:45,8,7,47.5,10,3,0,64.37
2025-11-29 10:47:45,4,4,47.6,11,3,1,64.37
2025-11-29 10:47:45,5,7,47.6,13,3,1,64.37
2025-11-29 10:47:46,2,9,47.6,11,3,1,64.37
2025-11-29 10:47:46,1,4,47.5,10,3,1,64.37
2025-11-29 10:47:46,11,6,47.5,10,3,1,64.50
2025-11-29 10:47:47,2,9,47.5,11,3,1,64.50
2025-11-29 10:47:47,4,3,47.6,14,3,1,64.50
2025-11-29 10:47:48,1,5,47.6,11,3,1,64.50
2025-11-29 10:47:48,1,5,47.6,12,3,1,64.50
2025-11-29 10:47:48,1,5,47.6,10,3,1,64.50
2025-11-29 10:47:49,8,6,47.6,12,3,1,64.50
2025-11-29 10:47:49,4,2,47.6,14,3,2,64.50
2025-11-29 10:47:49,2,9,47.5,11,3,2,64.50
2025-11-29 10:47:50,4,5,47.6,13,3,2,64.50
2025-11-29 10:47:50,1,5,47.6,10,3,1,64.50
2025-11-29 10:47:50,0,0,47.6,13,3,1,64.50
2025-11-29 10:47:51,1,5,47.6,10,3,1,64.50
2025-11-29 10:47:51,1,4,47.6,10,3,1,64.54
2025-11-29 10:47:52,0,0,47.6,11,3,1,64.54
2025-11-29 10:47:52,3,0,47.7,10,3,1,64.54
2025-11-29 10:47:52,1,5,47.7,10,3,1,64.54
2025-11-29 10:47:53,25,4,47.7,12,3,1,64.54
2025-11-29 10:47:53,27,5,46.7,11,3,1,64.54
2025-11-29 10:47:53,8,7,47.1,10,3,1,64.54
2025-11-29 10:47:54,27,0,48.3,11,3,0,64.54
2025-11-29 10:47:54,22,1,48.8,13,3,0,64.54
2025-11-29 10:47:54,5,8,48.9,13,3,0,64.54
2025-11-29 10:47:55,4,3,49.0,13,3,0,64.54
2025-11-29 10:47:55,2,9,49.0,14,3,0,64.54
2025-11-29 10:47:56,11,6,49.2,10,3,0,64.54
2025-11-29 10:47:56,6,0,49.4,14,3,0,64.54
2025-11-29 10:47:56,0,0,49.4,14,3,0,64.57
2025-11-29 10:47:57,3,1,49.3,12,3,0,64.57
2025-11-29 10:47:57,5,9,49.4,12,3,0,64.57
2025-11-29 10:47:57,30,1,49.2,14,3,0,64.57
2025-11-29 10:47:58,23,9,49.0,11,3,0,64.57
2025-11-29 10:47:58,9,1,49.1,10,3,0,64.57
2025-11-29 10:47:59,10,3,49.1,13,3,0,64.57
2025-11-29 10:47:59,7,5,49.1,11,3,0,64.57
2025-11-29 10:47:59,8,6,49.2,12,3,0,64.57
2025-11-29 10:48:00,7,5,49.2,13,3,0,64.57
2025-11-29 10:48:00,27,1,49.4,10,3,0,64.57
2025-11-29 10:48:00,27,5,49.3,10,3,0,64.57
2025-11-29 10:48:01,20,5,49.3,12,3,1,64.57
2025-11-29 10:48:01,4,3,49.3,14,3,1,64.57
2025-11-29 10:48:02,2,9,49.3,12,3,1,65.17
2025-11-29 10:48:02,1,5,49.3,13,3,1,65.17
2025-11-29 10:48:02,4,3,49.3,13,3,1,65.17
2025-11-29 10:48:03,4,3,49.3,10,3,1,65.17
2025-11-29 10:48:03,5,6,49.4,11,3,1,65.17
2025-11-29 10:48:03,43,1,46.1,16,3,1,65.17
2025-11-29 10:48:04,51,4,46.5,15,3,1,65.17
2025-11-29 10:48:04,47,9,46.6,15,3,1,65.17
2025-11-29 10:48:05,54,2,46.7,14,3,1,65.17
2025-11-29 10:48:05,52,1,46.7,15,3,1,65.17
2025-11-29 10:48:05,11,6,46.7,14,3,1,65.17
2025-11-29 10:48:06,5,8,45.5,12,3,0,65.17
2025-11-29 10:48:06,18,6,45.6,10,3,0,65.17
2025-11-29 10:48:06,29,9,45.9,11,3,0,65.40
2025-11-29 10:48:07,20,6,47.0,11,3,0,65.40
2025-11-29 10:48:07,26,5,47.7,12,3,0,65.40
2025-11-29 10:48:08,29,2,48.0,11,3,0,65.40
2025-11-29 10:48:08,24,6,48.0,10,3,0,65.40
2025-11-29 10:48:08,22,9,48.3,10,3,0,65.40
2025-11-29 10:48:09,33,8,48.7,10,3,0,65.40
2025-11-29 10:48:09,5,7,48.7,13,3,0,65.40
2025-11-29 10:48:09,5,7,48.8,12,3,0,65.40
2025-11-29 10:48:10,8,8,48.8,14,3,0,65.40
2025-11-29 10:48:10,4,4,48.9,10,3,0,65.40
2025-11-29 10:48:10,2,9,48.9,13,3,0,65.40
2025-11-29 10:48:11,5,7,48.8,13,3,0,65.40
2025-11-29 10:48:11,26,8,48.9,10,3,0,65.44
2025-11-29 10:48:12,23,5,49.4,11,3,0,65.44
2025-11-29 10:48:12,26,5,49.4,10,3,0,65.44
2025-11-29 10:48:12,27,9,49.4,10,3,0,65.44
2025-11-29 10:48:13,26,1,49.3,10,3,0,65.44
2025-11-29 10:48:13,28,6,49.2,10,3,0,65.44
2025-11-29 10:48:13,2,9,49.3,13,3,0,65.44
2025-11-29 10:48:14,16,2,56.7,11,3,0,65.44
2025-11-29 10:48:14,16,2,54.4,10,3,0,65.44
2025-11-29 10:48:14,25,4,54.5,10,3,0,65.44
2025-11-29 10:48:15,24,6,55.2,10,3,0,65.44
2025-11-29 10:48:15,23,5,56.0,10,3,0,65.44
2025-11-29 10:48:16,21,2,56.7,12,3,0,65.44
2025-11-29 10:48:16,26,5,57.5,10,3,0,65.44
2025-11-29 10:48:16,12,9,52.5,13,3,0,65.41
2025-11-29 10:48:17,16,9,53.0,12,3,0,65.41
2025-11-29 10:48:17,2,9,53.0,10,3,0,65.41
2025-11-29 10:48:17,11,8,53.0,13,3,0,65.41
2025-11-29 10:48:18,16,7,53.1,11,3,0,65.41
2025-11-29 10:48:18,58,0,53.1,13,3,0,65.41
2025-11-29 10:48:19,25,4,51.3,13,3,0,65.41
2025-11-29 10:48:19,4,4,45.8,13,3,0,65.41
2025-11-29 10:48:19,2,9,45.8,14,3,0,65.41
2025-11-29 10:48:20,2,9,45.8,13,3,0,65.41
2025-11-29 10:48:20,2,9,45.8,12,3,0,65.41
2025-11-29 10:48:20,1,4,45.8,14,3,0,65.41
2025-11-29 10:48:21,2,9,45.9,14,3,0,65.41
2025-11-29 10:48:21,1,5,45.8,14,3,0,65.41
2025-11-29 10:48:21,2,9,45.9,14,3,0,65.38
2025-11-29 10:48:22,1,4,45.8,12,3,0,65.38
2025-11-29 10:48:22,13,9,45.9,13,3,0,65.38
2025-11-29 10:48:23,17,4,45.9,10,3,0,65.38
2025-11-29 10:48:23,5,6,45.9,11,3,0,65.38
2025-11-29 10:48:23,11,3,45.9,12,3,0,65.38
2025-11-29 10:48:24,6,1,45.9,13,3,0,65.38
2025-11-29 10:48:24,9,0,45.9,12,3,0,65.38
2025-11-29 10:48:24,4,3,45.9,15,3,0,65.38
2025-11-29 10:48:25,1,5,46.0,14,3,0,65.38
2025-11-29 10:48:25,20,6,46.1,12,3,0,65.38
2025-11-29 10:48:26,8,7,46.1,13,3,0,65.38
2025-11-29 10:48:26,53,7,46.4,16,3,0,65.38
2025-11-29 10:48:26,58,0,46.9,16,3,0,65.99
2025-11-29 10:48:27,42,9,47.3,16,3,0,65.99
2025-11-29 10:48:27,21,7,47.6,10,3,0,65.99
2025-11-29 10:48:27,20,9,47.7,11,3,0,65.99
2025-11-29 10:48:28,60,5,47.4,14,3,0,65.99
2025-11-29 10:48:28,12,7,47.4,17,3,0,65.99
2025-11-29 10:48:29,46,8,48.1,23,3,0,65.99
2025-11-29 10:48:29,64,2,48.6,11,3,0,65.99
2025-11-29 10:48:30,62,7,49.0,14,3,0,65.99
2025-11-29 10:48:30,29,0,49.5,13,3,0,65.99
2025-11-29 10:48:30,36,6,50.0,16,3,0,65.99
2025-11-29 10:48:31,39,7,50.3,12,3,0,65.99
2025-11-29 10:48:31,31,3,50.7,12,3,0,66.31
2025-11-29 10:48:32,54,2,50.9,20,3,0,66.31
2025-11-29 10:48:32,46,5,51.5,10,3,0,66.31
2025-11-29 10:48:32,5,9,51.5,12,3,0,66.31
2025-11-29 10:48:33,16,7,51.5,11,3,0,66.31
2025-11-29 10:48:33,4,4,51.5,12,3,0,66.31
2025-11-29 10:48:34,13,2,51.6,10,3,0,66.31
2025-11-29 10:48:34,3,0,51.8,13,3,0,66.31
2025-11-29 10:48:34,2,9,51.8,14,3,0,66.31
2025-11-29 10:48:35,4,4,51.8,12,3,0,66.31
2025-11-29 10:48:35,19,7,51.8,14,3,0,66.31
2025-11-29 10:48:35,16,7,51.9,10,3,0,66.31
2025-11-29 10:48:36,21,5,52.1,12,3,0,66.31
2025-11-29 10:48:36,55,6,52.5,14,3,0,66.76
2025-11-29 10:48:37,45,9,52.9,11,3,0,66.76
2025-11-29 10:48:37,50,7,52.9,11,3,0,66.76
2025-11-29 10:48:37,33,3,53.1,11,3,0,66.76
2025-11-29 10:48:38,79,7,53.1,16,3,0,66.76
2025-11-29 10:48:38,14,7,53.2,11,3,0,66.76
2025-11-29 10:48:39,31,4,53.4,12,3,0,66.76
2025-11-29 10:48:39,22,9,53.6,12,3,0,66.76
2025-11-29 10:48:39,29,4,54.0,12,3,0,66.76
2025-11-29 10:48:40,4,5,54.1,12,3,0,66.76
2025-11-29 10:48:40,8,8,54.1,12,3,0,66.76
2025-11-29 10:48:40,10,1,54.2,13,3,0,66.76
2025-11-29 10:48:41,22,5,54.4,13,3,0,66.76
2025-11-29 10:48:41,13,0,54.4,16,3,0,66.76
2025-11-29 10:48:42,20,6,54.4,12,3,0,66.70
2025-11-29 10:48:42,11,8,54.4,13,3,0,66.70
2025-11-29 10:48:42,7,4,54.4,10,3,0,66.70
2025-11-29 10:48:43,2,9,54.4,14,3,0,66.70
2025-11-29 10:48:43,14,7,54.5,14,3,0,66.70
2025-11-29 10:48:43,11,8,54.5,14,3,0,66.70
2025-11-29 10:48:44,12,9,54.4,10,3,0,66.70
2025-11-29 10:48:44,2,9,54.5,14,3,0,66.70
2025-11-29 10:48:44,2,9,54.1,10,3,0,66.70
2025-11-29 10:48:45,1,5,54.1,12,3,0,66.70
2025-11-29 10:48:45,2,9,54.1,14,3,0,66.70
2025-11-29 10:48:46,1,5,54.1,14,3,0,66.70
2025-11-29 10:48:46,4,4,54.1,13,3,0,66.70
2025-11-29 10:48:46,4,3,54.2,12,3,0,66.49
2025-11-29 10:48:47,2,9,54.1,14,3,0,66.49
2025-11-29 10:48:47,3,0,54.1,14,3,0,66.49
2025-11-29 10:48:47,5,6,54.1,19,3,0,66.49
2025-11-29 10:48:48,4,3,54.1,14,3,0,66.49
2025-11-29 10:48:48,1,5,54.0,12,3,0,66.49
2025-11-29 10:48:49,10,1,54.1,12,3,0,66.49
2025-11-29 10:48:49,5,7,54.1,13,3,0,66.49
2025-11-29 10:48:49,10,0,54.1,11,3,0,66.49
2025-11-29 10:48:50,2,9,54.1,14,3,0,66.49
2025-11-29 10:48:50,2,9,54.1,13,3,0,66.49
2025-11-29 10:48:50,22,5,54.1,13,3,0,66.49
2025-11-29 10:48:51,1,5,54.0,11,3,0,66.49
2025-11-29 10:48:51,2,9,54.0,14,3,0,66.49
2025-11-29 10:48:52,4,3,54.0,17,3,0,66.37
2025-11-29 10:48:52,15,9,54.0,12,3,0,66.37
2025-11-29 10:48:52,14,3,53.9,11,3,0,66.37
2025-11-29 10:48:53,0,0,53.9,12,3,0,66.37
2025-11-29 10:48:53,1,5,53.9,13,3,0,66.37
2025-11-29 10:48:53,10,4,53.9,14,3,0,66.37
2025-11-29 10:48:54,1,4,53.9,14,3,0,66.37
2025-11-29 10:48:54,11,6,53.9,10,3,0,66.37
2025-11-29 10:48:55,9,7,53.9,10,3,0,66.37
2025-11-29 10:48:55,15,9,53.9,11,3,0,66.37
2025-11-29 10:48:55,31,4,53.9,12,3,0,66.37
2025-11-29 10:48:56,14,3,53.9,10,3,0,66.37
2025-11-29 10:48:56,23,2,53.9,10,3,0,66.37
2025-11-29 10:48:56,7,2,53.9,11,3,0,66.34
2025-11-29 10:48:57,12,9,53.8,12,3,0,66.34
2025-11-29 10:48:57,11,4,53.8,12,3,0,66.34
2025-11-29 10:48:57,15,7,53.8,12,3,0,66.34
2025-11-29 10:48:58,47,3,53.7,15,3,0,66.34
2025-11-29 10:48:58,12,9,52.7,12,3,0,66.34
2025-11-29 10:48:59,38,6,52.7,21,3,0,66.34
2025-11-29 10:48:59,0,0,52.6,12,3,0,66.34
2025-11-29 10:48:59,19,1,52.6,12,3,0,66.34
2025-11-29 10:49:00,8,8,52.6,13,3,0,66.34
2025-11-29 10:49:00,7,2,51.8,13,3,0,66.34
2025-11-29 10:49:01,7,5,51.8,14,3,0,66.34
2025-11-29 10:49:01,10,0,51.8,13,3,0,66.34
2025-11-29 10:49:01,6,2,51.8,12,3,0,66.15
2025-11-29 10:49:02,2,9,51.8,14,3,0,66.15
2025-11-29 10:49:02,2,9,51.9,11,3,0,66.15
2025-11-29 10:49:02,10,1,51.9,13,3,0,66.15
2025-11-29 10:49:03,13,2,51.9,12,3,0,66.15
2025-11-29 10:49:03,20,0,51.8,10,3,0,66.15
2025-11-29 10:49:03,1,4,51.9,14,3,0,66.15
2025-11-29 10:49:04,3,0,52.0,14,3,0,66.15
2025-11-29 10:49:04,15,9,52.0,11,3,0,66.15
2025-11-29 10:49:05,10,1,52.0,12,3,0,66.15
2025-11-29 10:49:05,11,4,52.0,10,3,0,66.15
2025-11-29 10:49:05,16,2,52.0,14,3,0,66.15
2025-11-29 10:49:06,31,9,52.0,11,3,0,66.15
2025-11-29 10:49:06,14,7,52.0,12,3,0,66.15
2025-11-29 10:49:06,15,3,51.9,11,3,0,66.06
2025-11-29 10:49:07,14,5,51.9,12,3,0,66.06
2025-11-29 10:49:07,7,1,52.0,14,3,0,66.06
2025-11-29 10:49:08,4,3,52.0,12,3,0,66.06
2025-11-29 10:49:08,5,8,52.0,10,3,0,66.06
2025-11-29 10:49:08,5,7,52.0,14,3,0,66.06
2025-11-29 10:49:09,11,6,52.0,13,3,0,66.06
2025-11-29 10:49:09,8,7,52.1,14,3,0,66.06
2025-11-29 10:49:09,2,9,52.1,15,3,0,66.06
2025-11-29 10:49:10,5,7,52.1,13,3,0,66.06
2025-11-29 10:49:10,1,4,52.2,14,3,0,66.06
2025-11-29 10:49:11,10,0,52.2,12,3,0,66.06
2025-11-29 10:49:11,5,8,52.1,14,3,1,66.06
2025-11-29 10:49:11,13,7,52.1,14,3,1,65.97
2025-11-29 10:49:12,17,1,52.2,11,3,1,65.97
2025-11-29 10:49:12,2,9,52.2,14,3,1,65.97
2025-11-29 10:49:12,3,0,52.1,14,3,1,65.97
2025-11-29 10:49:13,4,3,52.2,14,3,1,65.97
2025-11-29 10:49:13,8,6,52.3,14,3,1,65.97
2025-11-29 10:49:14,32,9,52.2,13,3,1,65.97
2025-11-29 10:49:14,31,6,52.2,13,3,1,65.97
2025-11-29 10:49:14,0,0,52.2,12,3,1,65.97
2025-11-29 10:49:15,3,0,52.2,10,3,1,65.97
2025-11-29 10:49:15,4,3,52.2,13,3,1,65.97
2025-11-29 10:49:15,1,4,52.2,14,3,1,65.97
2025-11-29 10:49:16,4,3,52.2,10,3,0,65.97
2025-11-29 10:49:16,1,4,52.2,14,3,0,65.97
2025-11-29 10:49:17,11,8,52.2,12,3,0,66.14
2025-11-29 10:49:17,2,9,52.2,14,3,0,66.14
2025-11-29 10:49:17,8,8,52.1,14,3,0,66.14
2025-11-29 10:49:18,7,4,52.1,14,3,0,66.14
2025-11-29 10:49:18,13,2,52.1,12,3,0,66.14
2025-11-29 10:49:18,15,7,52.1,11,3,0,66.14
2025-11-29 10:49:19,12,1,52.1,13,3,0,66.14
2025-11-29 10:49:19,2,9,52.1,14,3,0,66.14
2025-11-29 10:49:19,16,2,52.2,12,3,0,66.14
2025-11-29 10:49:20,14,3,52.2,12,3,0,66.14
2025-11-29 10:49:20,13,2,52.2,11,3,0,66.14
2025-11-29 10:49:21,10,3,52.2,11,3,0,66.14
2025-11-29 10:49:21,20,3,52.2,11,3,0,66.14
2025-11-29 10:49:21,14,5,52.2,11,3,0,65.96
2025-11-29 10:49:22,21,1,52.2,13,3,0,65.96
2025-11-29 10:49:22,11,4,52.2,13,3,0,65.96
2025-11-29 10:49:22,16,7,52.2,10,3,0,65.96
2025-11-29 10:49:23,10,3,52.2,11,3,0,65.96
2025-11-29 10:49:23,14,9,52.2,13,3,0,65.96
2025-11-29 10:49:24,16,7,52.2,10,3,0,65.96
2025-11-29 10:49:24,14,3,52.2,12,3,0,65.96
2025-11-29 10:49:24,10,3,52.2,10,3,0,65.96
2025-11-29 10:49:25,14,7,52.2,12,3,0,65.96
2025-11-29 10:49:25,2,9,52.2,13,3,0,65.96
2025-11-29 10:49:25,1,5,52.2,10,3,0,65.96
2025-11-29 10:49:26,4,3,52.2,14,3,0,65.96
2025-11-29 10:49:26,14,1,52.2,12,3,0,65.96
2025-11-29 10:49:26,17,1,52.2,10,3,0,65.97
2025-11-29 10:49:27,7,2,52.2,14,3,0,65.97
2025-11-29 10:49:27,1,5,52.2,10,3,0,65.97
2025-11-29 10:49:28,3,0,52.2,14,3,0,65.97
2025-11-29 10:49:28,14,5,52.1,15,3,0,65.97
2025-11-29 10:49:28,47,3,51.8,14,3,0,65.97
2025-11-29 10:49:29,43,8,52.0,15,3,0,65.97
2025-11-29 10:49:29,28,4,52.1,13,3,0,65.97
2025-11-29 10:49:30,29,4,52.1,13,3,0,65.97
2025-11-29 10:49:30,23,2,52.2,12,3,0,65.97
2025-11-29 10:49:30,38,0,52.1,11,3,0,65.97
2025-11-29 10:49:31,38,2,52.2,16,3,0,65.97
2025-11-29 10:49:31,58,7,52.2,21,3,0,65.97
2025-11-29 10:49:32,36,5,52.2,11,3,0,66.21
2025-11-29 10:49:32,35,6,52.2,14,3,0,66.21
2025-11-29 10:49:32,65,0,52.3,15,3,0,66.21
2025-11-29 10:49:33,88,3,52.5,12,3,0,66.21
2025-11-29 10:49:33,34,7,52.5,12,3,0,66.21
2025-11-29 10:49:34,30,6,52.5,15,3,0,66.21
2025-11-29 10:49:34,30,0,52.4,12,3,0,66.21
2025-11-29 10:49:34,28,6,52.4,11,3,0,66.21
2025-11-29 10:49:35,25,4,52.5,12,3,0,66.21
2025-11-29 10:49:35,2,9,52.5,14,3,0,66.21
2025-11-29 10:49:35,29,0,52.5,13,3,0,66.21
2025-11-29 10:49:36,7,5,52.6,12,3,0,66.21
2025-11-29 10:49:36,11,6,52.6,14,3,0,66.21
2025-11-29 10:49:37,14,9,52.7,11,3,0,66.27
2025-11-29 10:49:37,1,4,52.7,13,3,0,66.27
2025-11-29 10:49:37,1,5,52.7,14,3,0,66.27
2025-11-29 10:49:38,1,4,52.7,12,3,0,66.27
2025-11-29 10:49:38,4,4,52.7,11,3,0,66.27
2025-11-29 10:49:38,5,9,52.7,13,3,0,66.27
2025-11-29 10:49:39,4,5,52.7,11,3,0,66.27
2025-11-29 10:49:39,3,0,52.4,13,3,0,66.27
2025-11-29 10:49:39,11,3,52.5,11,3,0,66.27
2025-11-29 10:49:40,16,4,52.5,11,3,0,66.27
2025-11-29 10:49:40,0,0,52.6,13,3,0,66.27
2025-11-29 10:49:41,0,0,52.7,14,3,0,66.27
2025-11-29 10:49:41,4,3,52.8,10,3,0,66.27
2025-11-29 10:49:41,4,3,52.8,14,3,0,66.09
2025-11-29 10:49:42,4,3,52.8,13,3,0,66.09
2025-11-29 10:49:42,1,4,52.8,14,3,0,66.09
2025-11-29 10:49:42,5,6,52.8,14,3,0,66.09
2025-11-29 10:49:43,2,9,52.8,14,3,0,66.09
2025-11-29 10:49:43,4,3,52.8,12,3,0,66.09
2025-11-29 10:49:44,3,0,52.9,10,3,0,66.09
2025-11-29 10:49:44,1,5,52.9,14,3,0,66.09
2025-11-29 10:49:44,4,3,52.9,13,3,0,66.09
2025-11-29 10:49:45,2,9,52.9,14,3,0,66.09
2025-11-29 10:49:45,2,9,52.9,14,3,0,66.09
2025-11-29 10:49:45,2,8,52.8,14,3,0,66.09
2025-11-29 10:49:46,1,4,52.8,13,3,0,66.09
2025-11-29 10:49:46,2,9,52.8,14,3,0,66.09
2025-11-29 10:49:47,11,6,52.8,10,3,0,66.00
2025-11-29 10:49:47,1,5,52.9,13,3,0,66.00
2025-11-29 10:49:47,0,0,52.9,14,3,0,66.00
2025-11-29 10:49:48,1,4,52.9,12,3,0,66.00
2025-11-29 10:49:48,1,5,52.9,14,3,0,66.00
2025-11-29 10:49:48,1,5,52.9,14,3,0,66.00
2025-11-29 10:49:49,2,9,53.0,12,3,0,66.00
2025-11-29 10:49:49,1,5,53.0,14,3,0,66.00
2025-11-29 10:49:49,8,3,52.9,11,3,0,66.00
2025-11-29 10:49:50,44,0,52.9,22,3,0,66.00
2025-11-29 10:49:50,1,5,52.9,14,3,0,66.00
2025-11-29 10:49:51,4,5,52.8,10,3,0,66.00
2025-11-29 10:49:51,4,2,52.8,14,3,0,66.00
2025-11-29 10:49:51,20,6,52.6,10,3,0,65.84
2025-11-29 10:49:52,7,2,52.6,12,3,0,65.84
2025-11-29 10:49:52,1,4,52.6,12,3,0,65.84
2025-11-29 10:49:52,2,9,52.5,14,3,0,65.84
2025-11-29 10:49:53,1,4,52.5,12,3,0,65.84
2025-11-29 10:49:53,4,3,52.5,14,3,0,65.84
2025-11-29 10:49:54,10,3,52.7,10,3,0,65.84
2025-11-29 10:49:54,6,1,52.9,14,3,0,65.84
2025-11-29 10:49:54,2,9,52.8,14,3,0,65.84
2025-11-29 10:49:55,10,0,52.8,16,3,0,65.84
2025-11-29 10:49:55,2,9,52.8,14,3,0,65.84
2025-11-29 10:49:56,72,4,52.8,24,3,0,65.84
2025-11-29 10:49:56,1,5,52.8,14,3,0,65.84
2025-11-29 10:49:56,23,2,52.8,11,3,0,65.84
2025-11-29 10:49:57,8,6,52.7,13,3,0,65.78
2025-11-29 10:49:57,2,9,52.7,14,3,0,65.78
2025-11-29 10:49:57,2,9,52.7,12,3,0,65.78
2025-11-29 10:49:58,1,4,52.8,13,3,0,65.78
2025-11-29 10:49:58,6,8,52.9,14,3,0,65.78
2025-11-29 10:49:59,1,4,52.9,11,3,0,65.78
2025-11-29 10:49:59,2,9,52.8,12,3,0,65.78
2025-11-29 10:49:59,4,2,52.8,14,3,0,65.78
2025-11-29 10:50:00,4,3,52.8,13,3,0,65.78
2025-11-29 10:50:00,3,0,52.9,13,3,0,65.78
2025-11-29 10:50:00,8,1,52.9,14,3,0,65.78
2025-11-29 10:50:01,1,4,53.0,14,3,0,65.78
2025-11-29 10:50:01,1,5,53.1,12,3,0,65.78
2025-11-29 10:50:02,2,9,53.0,13,3,0,65.71
2025-11-29 10:50:02,0,0,53.0,14,3,0,65.71
2025-11-29 10:50:02,2,9,53.0,14,3,0,65.71
2025-11-29 10:50:03,0,0,53.1,12,3,0,65.71
2025-11-29 10:50:03,4,3,53.0,13,3,0,65.71
2025-11-29 10:50:03,4,3,53.0,12,3,0,65.71
2025-11-29 10:50:04,8,5,53.0,14,3,0,65.71
2025-11-29 10:50:04,1,5,53.0,13,3,0,65.71
2025-11-29 10:50:04,1,5,53.0,13,3,0,65.71
2025-11-29 10:50:05,13,7,53.1,12,3,0,65.71
2025-11-29 10:50:05,2,9,53.1,14,3,0,65.71
2025-11-29 10:50:06,2,9,53.1,14,3,0,65.71
2025-11-29 10:50:06,16,7,53.1,13,3,0,65.71
2025-11-29 10:50:06,5,8,53.1,15,3,0,65.58
2025-11-29 10:50:07,1,5,53.1,12,3,0,65.58
2025-11-29 10:50:07,1,4,53.1,14,3,0,65.58
2025-11-29 10:50:08,8,7,53.1,14,3,0,65.58
2025-11-29 10:50:08,2,9,53.1,12,3,0,65.58
2025-11-29 10:50:08,2,9,53.1,14,3,0,65.58
2025-11-29 10:50:09,2,9,53.1,13,3,0,65.58
2025-11-29 10:50:09,5,7,53.0,14,3,0,65.58
2025-11-29 10:50:09,1,4,53.0,14,3,0,65.58
2025-11-29 10:50:10,2,9,53.0,13,3,0,65.58
2025-11-29 10:50:10,1,5,53.0,14,3,0,65.58
2025-11-29 10:50:11,1,4,53.0,14,3,0,65.58
2025-11-29 10:50:11,1,5,53.0,14,3,0,65.58
2025-11-29 10:50:11,1,4,53.0,14,3,0,65.53
2025-11-29 10:50:12,2,9,53.0,13,3,0,65.53
2025-11-29 10:50:12,2,9,53.0,14,3,0,65.53
2025-11-29 10:50:12,2,9,53.0,14,3,0,65.53
2025-11-29 10:50:13,26,4,52.9,12,3,0,65.53
2025-11-29 10:50:13,7,1,52.9,12,3,0,65.53
2025-11-29 10:50:14,18,6,52.9,18,3,1,65.53
2025-11-29 10:50:14,2,9,52.9,14,3,1,65.53
2025-11-29 10:50:14,8,5,52.9,14,3,1,65.53
2025-11-29 10:50:15,2,9,53.0,15,3,2,65.53
2025-11-29 10:50:15,2,9,53.0,14,3,2,65.53
2025-11-29 10:50:15,5,7,52.9,12,3,2,65.53
2025-11-29 10:50:16,1,5,52.9,14,3,3,65.53
2025-11-29 10:50:16,8,6,52.9,14,3,3,65.53
2025-11-29 10:50:17,15,9,52.9,13,3,3,65.49
2025-11-29 10:50:17,2,9,52.9,13,3,3,65.49
2025-11-29 10:50:17,0,0,52.9,13,3,3,65.49
2025-11-29 10:50:18,4,3,52.9,14,3,3,65.49
2025-11-29 10:50:18,5,7,52.9,14,3,3,65.49
2025-11-29 10:50:18,1,4,52.9,14,3,2,65.49
2025-11-29 10:50:19,13,0,52.8,13,3,2,65.49
2025-11-29 10:50:19,4,3,52.7,11,3,2,65.49
2025-11-29 10:50:20,2,8,52.7,14,3,1,65.49
2025-11-29 10:50:20,4,5,52.7,12,3,1,65.49
2025-11-29 10:50:20,11,4,52.7,12,3,1,65.49
2025-11-29 10:50:21,2,9,52.7,13,3,0,65.49
2025-11-29 10:50:21,2,9,52.7,10,3,0,65.49
2025-11-29 10:50:21,4,3,52.7,13,3,0,65.37
2025-11-29 10:50:22,8,8,52.7,11,3,0,65.37
2025-11-29 10:50:22,7,4,52.7,13,3,0,65.37
2025-11-29 10:50:23,1,4,52.8,14,3,0,65.37
2025-11-29 10:50:23,1,5,52.7,14,3,1,65.37
2025-11-29 10:50:23,7,2,52.7,14,3,1,65.37
2025-11-29 10:50:24,7,4,52.8,17,3,1,65.37
2025-11-29 10:50:24,66,3,52.3,10,3,2,65.37
2025-11-29 10:50:24,2,9,52.3,14,3,2,65.37
2025-11-29 10:50:25,1,5,52.4,14,3,2,65.37
2025-11-29 10:50:25,4,3,52.4,12,3,2,65.37
2025-11-29 10:50:26,1,5,52.4,12,3,2,65.37
2025-11-29 10:50:26,1,4,52.5,14,3,2,65.37
2025-11-29 10:50:26,1,4,52.6,14,3,2,65.37
2025-11-29 10:50:27,5,8,52.6,14,3,2,65.50
2025-11-29 10:50:27,7,1,52.7,12,3,2,65.50
2025-11-29 10:50:27,5,8,52.7,14,3,2,65.50
2025-11-29 10:50:28,21,6,52.6,11,3,2,65.50
2025-11-29 10:50:28,0,0,52.6,15,3,1,65.50
2025-11-29 10:50:29,9,6,52.6,10,3,1,65.50
2025-11-29 10:50:29,7,2,52.6,13,3,1,65.50
2025-11-29 10:50:29,6,0,52.6,14,3,0,65.50
2025-11-29 10:50:30,4,3,52.7,10,3,0,65.50
2025-11-29 10:50:30,1,5,52.7,14,3,0,65.50
2025-11-29 10:50:30,1,5,52.6,14,3,0,65.50
2025-11-29 10:50:31,7,4,52.8,13,3,0,65.50
2025-11-29 10:50:31,1,5,52.8,14,3,0,65.50
2025-11-29 10:50:31,1,5,52.8,13,3,0,65.38
2025-11-29 10:50:32,4,3,52.7,12,3,0,65.38
2025-11-29 10:50:32,10,0,52.6,12,3,0,65.38
2025-11-29 10:50:33,1,5,52.6,14,3,0,65.38
2025-11-29 10:50:33,19,4,52.6,12,3,0,65.38
2025-11-29 10:50:33,13,2,52.6,13,3,0,65.38
2025-11-29 10:50:34,25,7,52.7,23,3,0,65.38
2025-11-29 10:50:34,12,7,52.7,11,3,0,65.38
2025-11-29 10:50:34,11,9,52.7,12,3,0,65.38
2025-11-29 10:50:35,8,7,52.8,12,3,0,65.38
2025-11-29 10:50:35,11,8,52.8,13,3,0,65.38
2025-11-29 10:50:36,10,8,52.8,13,3,0,65.38
2025-11-29 10:50:36,11,4,52.8,11,3,0,65.38
2025-11-29 10:50:36,7,4,52.8,11,3,0,65.27
2025-11-29 10:50:37,18,6,52.8,10,3,0,65.27
2025-11-29 10:50:37,11,9,52.8,12,3,0,65.27
2025-11-29 10:50:37,20,0,52.8,10,3,0,65.27
2025-11-29 10:50:38,8,7,52.8,12,3,0,65.27
2025-11-29 10:50:38,8,8,52.8,12,3,0,65.27
2025-11-29 10:50:39,26,7,52.8,11,3,0,65.27
2025-11-29 10:50:39,8,2,52.9,12,3,0,65.27
2025-11-29 10:50:39,12,1,53.0,12,3,0,65.27
2025-11-29 10:50:40,11,4,52.9,14,3,0,65.27
2025-11-29 10:50:40,12,9,53.0,13,3,0,65.27
2025-11-29 10:50:40,15,1,53.0,10,3,0,65.27
2025-11-29 10:50:41,21,7,53.0,12,3,0,65.27
2025-11-29 10:50:41,1,5,53.0,12,3,0,65.27
2025-11-29 10:50:42,13,4,53.0,13,3,0,65.25
2025-11-29 10:50:42,1,4,53.2,14,3,0,65.25
2025-11-29 10:50:42,23,0,53.1,13,3,0,65.25
2025-11-29 10:50:43,10,4,53.1,14,3,0,65.25
2025-11-29 10:50:43,18,2,53.1,11,3,0,65.25
2025-11-29 10:50:43,15,9,53.0,12,3,0,65.25
2025-11-29 10:50:44,17,6,53.0,11,3,0,65.25
2025-11-29 10:50:44,7,4,53.1,15,3,0,65.25
2025-11-29 10:50:44,9,0,53.1,12,3,0,65.25
2025-11-29 10:50:45,8,7,53.0,12,3,0,65.25
2025-11-29 10:50:45,4,3,53.0,11,3,0,65.25
2025-11-29 10:50:46,4,3,53.0,14,3,0,65.25
2025-11-29 10:50:46,8,2,53.0,14,3,0,65.25
2025-11-29 10:50:46,1,4,53.0,14,3,0,65.23
2025-11-29 10:50:47,10,4,53.0,10,3,0,65.23
2025-11-29 10:50:47,7,5,52.9,13,3,0,65.23
2025-11-29 10:50:47,13,0,53.0,11,3,0,65.23
2025-11-29 10:50:48,78,1,53.0,12,3,0,65.23
2025-11-29 10:50:48,11,1,53.0,13,3,0,65.23
2025-11-29 10:50:49,11,9,53.0,11,3,0,65.23
2025-11-29 10:50:49,2,9,53.0,14,3,0,65.23
2025-11-29 10:50:49,4,3,53.0,14,3,0,65.23
2025-11-29 10:50:50,2,9,53.0,10,3,0,65.23
2025-11-29 10:50:50,2,9,53.0,14,3,0,65.23
2025-11-29 10:50:50,2,9,53.0,12,3,0,65.23
2025-11-29 10:50:51,2,9,53.0,10,3,0,65.23
2025-11-29 10:50:51,32,8,52.8,13,3,0,65.23
2025-11-29 10:50:52,39,7,52.9,14,3,0,65.29
2025-11-29 10:50:52,23,5,53.0,13,3,0,65.29
2025-11-29 10:50:52,27,5,53.0,13,3,0,65.29
2025-11-29 10:50:53,35,6,53.1,10,3,0,65.29
2025-11-29 10:50:53,68,2,53.1,14,3,0,65.29
2025-11-29 10:50:54,36,2,53.1,15,3,0,65.29
2025-11-29 10:50:54,32,9,53.2,15,3,0,65.29
2025-11-29 10:50:54,38,6,53.2,13,3,0,65.29
2025-11-29 10:50:55,73,6,53.5,21,3,0,65.29
2025-11-29 10:50:55,43,8,54.0,13,3,0,65.29
2025-11-29 10:50:56,45,5,54.2,17,3,0,65.29
2025-11-29 10:50:56,34,3,54.3,11,3,0,65.29
2025-11-29 10:50:56,34,8,54.7,12,3,0,65.51
2025-11-29 10:50:57,59,5,55.0,21,3,0,65.51
2025-11-29 10:50:57,35,2,54.9,13,3,0,65.51
2025-11-29 10:50:58,31,0,54.8,13,3,0,65.51
2025-11-29 10:50:58,30,4,54.9,13,3,0,65.51
2025-11-29 10:50:58,38,0,55.0,12,3,0,65.51
2025-11-29 10:50:59,32,4,55.1,13,3,0,65.51
2025-11-29 10:50:59,28,6,55.1,13,3,0,65.51
2025-11-29 10:51:00,35,2,55.0,14,3,0,65.51
2025-11-29 10:51:00,3,0,55.0,14,3,0,65.51
2025-11-29 10:51:00,25,0,55.0,12,3,0,65.51
2025-11-29 10:51:01,5,7,55.0,14,3,0,65.51
2025-11-29 10:51:01,5,8,55.0,10,3,0,65.51
2025-11-29 10:51:01,20,3,55.0,11,3,0,65.38
2025-11-29 10:51:02,1,5,55.0,10,3,0,65.38
2025-11-29 10:51:02,1,4,55.0,12,3,1,65.38
2025-11-29 10:51:03,5,8,55.0,13,3,1,65.38
2025-11-29 10:51:03,1,5,54.9,13,3,1,65.38
2025-11-29 10:51:03,9,1,54.7,13,3,1,65.38
2025-11-29 10:51:04,4,5,54.8,10,3,1,65.38
2025-11-29 10:51:04,1,4,54.8,14,3,1,65.38
2025-11-29 10:51:04,2,9,54.7,14,3,1,65.38
2025-11-29 10:51:05,3,0,54.7,14,3,1,65.38
2025-11-29 10:51:05,0,0,54.7,14,3,1,65.38
2025-11-29 10:51:05,15,7,54.7,14,3,1,65.38
2025-11-29 10:51:06,4,4,54.8,15,3,1,65.38
2025-11-29 10:51:06,20,9,54.7,11,3,1,65.38
2025-11-29 10:51:07,15,5,54.7,13,3,1,65.59
2025-11-29 10:51:07,1,5,54.7,10,3,0,65.59
2025-11-29 10:51:07,13,4,54.7,12,3,0,65.59
2025-11-29 10:51:08,20,9,54.7,10,3,0,65.59
2025-11-29 10:51:08,2,8,54.8,14,3,0,65.59
2025-11-29 10:51:08,12,9,54.8,12,3,0,65.59
2025-11-29 10:51:09,2,9,54.8,14,3,0,65.59
2025-11-29 10:51:09,2,9,54.8,13,3,0,65.59
2025-11-29 10:51:10,8,5,54.9,12,3,0,65.59
2025-11-29 10:51:10,2,9,54.9,12,3,0,65.59
2025-11-29 10:51:10,2,9,54.9,13,3,0,65.59
2025-11-29 10:51:11,4,4,54.9,10,3,0,65.59
2025-11-29 10:51:11,27,8,54.9,13,3,0,65.59
2025-11-29 10:51:11,2,9,55.0,14,3,0,65.47
2025-11-29 10:51:12,0,0,55.1,14,3,0,65.47
2025-11-29 10:51:12,4,4,55.0,14,3,0,65.47
2025-11-29 10:51:13,1,5,55.1,14,3,0,65.47
2025-11-29 10:51:13,5,8,55.0,14,3,0,65.47
2025-11-29 10:51:13,1,4,55.1,14,3,0,65.47
2025-11-29 10:51:14,4,4,55.1,11,3,0,65.47
2025-11-29 10:51:14,7,1,55.1,14,3,0,65.47
2025-11-29 10:51:14,2,9,55.1,14,3,0,65.47
2025-11-29 10:51:15,1,4,54.7,13,3,0,65.47
2025-11-29 10:51:15,18,1,54.7,13,3,0,65.47
2025-11-29 10:51:16,1,5,54.5,14,3,0,65.47
2025-11-29 10:51:16,10,0,54.6,15,3,0,65.47
2025-11-29 10:51:16,55,1,54.6,17,3,0,65.47
2025-11-29 10:51:17,18,1,54.6,14,3,0,65.91
2025-11-29 10:51:17,1,5,54.6,10,3,0,65.91
2025-11-29 10:51:17,14,5,54.4,10,3,0,65.91
2025-11-29 10:51:18,5,6,54.4,13,3,0,65.91
2025-11-29 10:51:18,3,0,54.4,13,3,0,65.91
2025-11-29 10:51:19,32,4,54.4,10,3,0,65.91
2025-11-29 10:51:19,2,9,54.4,13,3,0,65.91
2025-11-29 10:51:19,16,2,54.4,11,3,0,65.91
2025-11-29 10:51:20,19,4,54.4,14,3,0,65.91
2025-11-29 10:51:20,35,4,54.4,13,3,0,65.91
2025-11-29 10:51:20,1,4,54.4,14,3,0,65.91
2025-11-29 10:51:21,18,2,54.3,11,3,0,65.91
2025-11-29 10:51:21,7,1,54.3,13,3,0,65.91
2025-11-29 10:51:22,4,3,54.3,14,3,0,65.84
2025-11-29 10:51:22,8,3,54.4,13,3,0,65.84
2025-11-29 10:51:22,19,4,54.4,10,3,0,65.84
2025-11-29 10:51:23,0,0,54.4,12,3,0,65.84
2025-11-29 10:51:23,1,4,54.4,14,3,0,65.84
2025-11-29 10:51:23,2,9,54.4,14,3,0,65.84
2025-11-29 10:51:24,2,9,54.4,12,3,0,65.84
2025-11-29 10:51:24,2,8,54.5,14,3,0,65.84
2025-11-29 10:51:25,1,5,54.5,11,3,0,65.84
2025-11-29 10:51:25,2,9,54.4,12,3,0,65.84
2025-11-29 10:51:25,16,7,53.6,12,3,0,65.84
2025-11-29 10:51:26,1,4,53.6,14,3,0,65.84
2025-11-29 10:51:26,2,9,53.6,14,3,0,65.84
2025-11-29 10:51:26,2,8,53.6,10,3,0,65.77
2025-11-29 10:51:27,1,4,53.6,14,3,0,65.77
2025-11-29 10:51:27,2,8,53.6,14,3,0,65.77
2025-11-29 10:51:28,1,5,53.7,14,3,0,65.77
2025-11-29 10:51:28,19,7,53.6,14,3,0,65.77
2025-11-29 10:51:28,3,0,53.6,14,3,0,65.77
2025-11-29 10:51:29,11,9,53.6,10,3,0,65.77
2025-11-29 10:51:29,7,5,53.6,11,3,0,65.77
2025-11-29 10:51:29,7,4,53.6,13,3,0,65.77
2025-11-29 10:51:30,18,6,53.6,11,3,0,65.77
2025-11-29 10:51:30,15,5,53.6,11,3,0,65.77
2025-11-29 10:51:30,2,9,53.7,12,3,0,65.77
2025-11-29 10:51:31,2,9,53.6,13,3,0,65.77
2025-11-29 10:51:31,1,4,53.6,14,3,0,65.77
2025-11-29 10:51:32,2,9,53.6,12,3,0,65.71
2025-11-29 10:51:32,5,8,53.6,13,3,0,65.71
2025-11-29 10:51:32,27,1,53.2,11,3,0,65.71
2025-11-29 10:51:33,11,6,53.2,13,3,0,65.71
2025-11-29 10:51:33,1,4,53.3,14,3,0,65.71
2025-11-29 10:51:33,15,7,53.3,17,3,0,65.71
2025-11-29 10:51:34,2,9,53.3,14,3,0,65.71
2025-11-29 10:51:34,17,1,53.4,12,3,0,65.71
2025-11-29 10:51:35,11,4,53.4,11,3,0,65.71
2025-11-29 10:51:35,2,9,53.4,14,3,0,65.71
2025-11-29 10:51:35,4,2,53.5,12,3,0,65.71
2025-11-29 10:51:36,27,1,53.5,29,3,0,65.71
2025-11-29 10:51:36,3,0,53.4,14,3,0,65.71
2025-11-29 10:51:36,26,8,53.4,13,3,0,65.57
2025-11-29 10:51:37,16,4,53.4,11,3,0,65.57
2025-11-29 10:51:37,2,9,53.6,13,3,0,65.57
2025-11-29 10:51:38,8,7,53.6,12,3,0,65.57
2025-11-29 10:51:38,2,9,53.5,14,3,0,65.57
2025-11-29 10:51:38,12,7,53.5,12,3,0,65.57
2025-11-29 10:51:39,5,8,53.6,13,3,0,65.57
2025-11-29 10:51:39,4,3,53.6,12,3,0,65.57
2025-11-29 10:51:39,9,7,53.6,11,3,0,65.57
2025-11-29 10:51:40,15,3,53.8,12,3,0,65.57
2025-11-29 10:51:40,11,8,54.0,13,3,0,65.57
2025-11-29 10:51:41,3,0,54.0,13,3,0,65.57
2025-11-29 10:51:41,5,7,54.0,13,3,0,65.57
2025-11-29 10:51:41,1,4,54.1,14,3,0,65.57
2025-11-29 10:51:42,2,9,54.1,14,3,0,65.52
2025-11-29 10:51:42,80,9,54.1,10,3,0,65.52
2025-11-29 10:51:42,10,6,54.1,13,3,0,65.52
2025-11-29 10:51:43,12,7,54.1,11,3,0,65.52
2025-11-29 10:51:43,4,2,54.1,13,3,0,65.52
2025-11-29 10:51:44,5,7,54.1,12,3,0,65.52
2025-11-29 10:51:44,11,3,54.1,14,3,0,65.52
2025-11-29 10:51:44,27,8,54.1,16,3,0,65.52
2025-11-29 10:51:45,20,6,54.1,15,3,0,65.52
2025-11-29 10:51:45,24,6,54.1,13,3,0,65.52
2025-11-29 10:51:45,4,2,54.1,14,3,0,65.52
2025-11-29 10:51:46,1,5,54.2,11,3,0,65.52
2025-11-29 10:51:46,15,5,54.2,12,3,0,65.52
2025-11-29 10:51:47,39,1,54.2,13,3,0,65.56
2025-11-29 10:51:47,7,5,54.2,13,3,0,65.56
2025-11-29 10:51:47,3,0,54.2,14,3,0,65.56
2025-11-29 10:51:48,4,3,54.2,13,3,0,65.56
2025-11-29 10:51:48,1,4,54.3,13,3,0,65.56
2025-11-29 10:51:48,12,9,54.3,13,3,0,65.56
2025-11-29 10:51:49,2,9,54.3,13,3,0,65.56
2025-11-29 10:51:49,14,7,54.3,11,3,0,65.56
2025-11-29 10:51:49,8,8,54.3,14,3,0,65.56
2025-11-29 10:51:50,13,2,54.3,11,3,0,65.56
2025-11-29 10:51:50,10,3,54.4,13,3,0,65.56
2025-11-29 10:51:51,10,0,54.3,14,3,0,65.56
2025-11-29 10:51:51,4,3,54.4,14,3,0,65.56
2025-11-29 10:51:51,4,4,54.3,13,3,0,65.56
2025-11-29 10:51:52,4,3,54.4,14,3,0,65.60
2025-11-29 10:51:52,2,9,54.4,10,3,0,65.60
2025-11-29 10:51:52,1,4,54.4,14,3,0,65.60
2025-11-29 10:51:53,0,0,54.4,15,3,0,65.60
2025-11-29 10:51:53,8,5,54.3,13,3,0,65.60
2025-11-29 10:51:54,5,6,54.3,10,3,0,65.60
2025-11-29 10:51:54,30,1,54.2,10,3,0,65.60
2025-11-29 10:51:54,1,4,54.2,14,3,0,65.60
2025-11-29 10:51:55,2,9,54.2,13,3,0,65.60
2025-11-29 10:51:55,12,9,53.8,12,3,0,65.60
2025-11-29 10:51:55,7,2,53.8,13,3,0,65.60
2025-11-29 10:51:56,1,5,53.8,12,3,0,65.60
2025-11-29 10:51:56,12,3,53.8,13,3,0,65.60
2025-11-29 10:51:56,20,6,53.8,11,3,0,65.47
2025-11-29 10:51:57,11,3,53.7,10,3,0,65.47
2025-11-29 10:51:57,2,9,53.7,13,3,0,65.47
2025-11-29 10:51:58,14,5,53.8,13,3,0,65.47
2025-11-29 10:51:58,4,3,53.7,14,3,0,65.47
2025-11-29 10:51:58,4,4,53.7,14,3,0,65.47
2025-11-29 10:51:59,7,1,53.7,14,3,0,65.47
2025-11-29 10:51:59,7,1,53.7,11,3,0,65.47
2025-11-29 10:51:59,2,9,53.5,14,3,0,65.47
2025-11-29 10:52:00,5,8,53.6,14,3,0,65.47
2025-11-29 10:52:00,8,7,53.6,10,3,0,65.47
2025-11-29 10:52:01,1,4,53.6,14,3,0,65.47
2025-11-29 10:52:01,1,5,53.6,14,3,0,65.47
2025-11-29 10:52:01,21,4,53.6,12,3,0,65.47
2025-11-29 10:52:02,41,9,53.3,11,3,0,65.67
2025-11-29 10:52:02,72,2,53.3,13,3,0,65.67
2025-11-29 10:52:03,84,2,53.5,14,3,0,65.67
2025-11-29 10:52:03,20,0,53.7,12,3,0,65.67
2025-11-29 10:52:03,18,6,53.6,12,3,0,65.67
2025-11-29 10:52:04,12,9,53.6,12,3,0,65.67
2025-11-29 10:52:04,5,6,53.7,10,3,0,65.67
2025-11-29 10:52:04,8,5,53.7,12,3,0,65.67
2025-11-29 10:52:05,10,0,53.7,10,3,0,65.67
2025-11-29 10:52:05,6,9,53.7,14,3,1,65.67
2025-11-29 10:52:05,6,0,53.7,14,3,1,65.67
2025-11-29 10:52:06,6,1,53.6,12,3,1,65.67
2025-11-29 10:52:06,4,5,53.6,13,3,1,65.67
2025-11-29 10:52:07,17,1,53.7,13,3,2,65.86
2025-11-29 10:52:07,8,5,53.8,10,3,2,65.86
2025-11-29 10:52:07,8,6,53.8,10,3,3,65.86
2025-11-29 10:52:08,12,9,53.8,12,3,3,65.86
2025-11-29 10:52:08,18,1,53.7,12,3,4,65.86
2025-11-29 10:52:08,10,0,53.8,12,3,4,65.86
2025-11-29 10:52:09,33,8,54.1,11,3,4,65.86
2025-11-29 10:52:09,1,5,54.1,14,3,5,65.86
2025-11-29 10:52:10,5,8,54.1,13,3,5,65.86
2025-11-29 10:52:10,7,4,54.1,11,3,6,65.86
2025-11-29 10:52:10,7,2,54.1,14,3,5,65.86
2025-11-29 10:52:11,4,4,54.2,10,3,5,65.86
2025-11-29 10:52:11,9,9,54.2,14,3,5,65.86
2025-11-29 10:52:11,5,9,54.2,10,3,4,65.86
2025-11-29 10:52:12,12,1,54.2,13,3,4,65.79
2025-11-29 10:52:12,7,4,54.2,13,3,3,65.79
2025-11-29 10:52:12,4,3,54.2,15,3,3,65.79
2025-11-29 10:52:13,31,9,54.0,10,3,2,65.79
2025-11-29 10:52:13,22,9,54.1,11,3,2,65.79
2025-11-29 10:52:14,8,8,54.1,11,3,2,65.79
2025-11-29 10:52:14,4,4,54.1,13,3,1,65.79
2025-11-29 10:52:14,5,7,54.1,14,3,1,65.79
2025-11-29 10:52:15,7,2,54.3,10,3,0,65.79
2025-11-29 10:52:15,8,5,54.4,14,3,0,65.79
2025-11-29 10:52:15,7,5,54.4,12,3,0,65.79
2025-11-29 10:52:16,7,2,54.5,14,3,0,65.79
2025-11-29 10:52:16,14,9,54.5,16,3,0,65.79
2025-11-29 10:52:17,27,1,54.5,10,3,0,65.73
2025-11-29 10:52:17,18,6,54.5,12,3,0,65.73
2025-11-29 10:52:17,68,1,54.5,19,3,0,65.73
2025-11-29 10:52:18,8,5,54.5,13,3,0,65.73
2025-11-29 10:52:18,17,8,54.5,12,3,0,65.73
2025-11-29 10:52:18,12,9,54.6,10,3,0,65.73
2025-11-29 10:52:19,66,2,54.5,10,3,0,65.73
2025-11-29 10:52:19,15,9,54.5,11,3,0,65.73
2025-11-29 10:52:20,14,7,54.6,11,3,0,65.73
2025-11-29 10:52:20,19,1,54.4,11,3,0,65.73
2025-11-29 10:52:20,7,5,54.4,14,3,0,65.73
2025-11-29 10:52:21,4,3,54.4,13,3,0,65.73
2025-11-29 10:52:21,7,0,54.5,15,3,0,65.73
2025-11-29 10:52:21,5,7,54.5,12,3,0,65.73
2025-11-29 10:52:22,7,0,54.2,14,3,0,65.83
2025-11-29 10:52:22,11,0,54.2,13,3,0,65.83
2025-11-29 10:52:22,40,3,54.2,11,3,0,65.83
2025-11-29 10:52:23,8,2,54.2,11,3,0,65.83
2025-11-29 10:52:23,7,2,54.2,10,3,0,65.83
2025-11-29 10:52:24,10,3,54.3,10,3,0,65.83
2025-11-29 10:52:24,2,9,54.3,13,3,0,65.83
2025-11-29 10:52:24,9,7,54.3,12,3,0,65.83
2025-11-29 10:52:25,30,6,54.4,12,3,0,65.83
2025-11-29 10:52:25,34,3,54.3,10,3,0,65.83
2025-11-29 10:52:25,19,1,54.3,10,3,0,65.83
2025-11-29 10:52:26,86,8,54.5,13,3,0,65.83
2025-11-29 10:52:26,19,4,54.2,13,3,0,65.83
2025-11-29 10:52:27,48,6,54.1,14,3,0,65.76
2025-11-29 10:52:27,41,7,54.3,13,3,0,65.76
2025-11-29 10:52:27,31,5,54.4,13,3,0,65.76
2025-11-29 10:52:28,27,4,54.4,13,3,0,65.76
2025-11-29 10:52:28,28,4,54.4,13,3,0,65.76
2025-11-29 10:52:29,40,8,54.4,16,3,0,65.76
2025-11-29 10:52:29,84,9,54.4,21,3,0,65.76
2025-11-29 10:52:29,46,7,54.4,14,3,0,65.76
2025-11-29 10:52:30,38,0,54.4,11,3,0,65.76
2025-11-29 10:52:30,39,2,54.4,15,3,0,65.76
2025-11-29 10:52:31,35,7,54.5,14,3,0,65.76
2025-11-29 10:52:31,35,3,54.6,10,3,0,65.76
2025-11-29 10:52:31,39,4,54.9,11,3,0,65.76
2025-11-29 10:52:32,38,4,55.3,11,3,0,65.94
2025-11-29 10:52:32,35,2,55.3,10,3,0,65.94
2025-11-29 10:52:32,35,8,55.5,12,3,0,65.94
2025-11-29 10:52:33,41,7,55.5,15,3,0,65.94
2025-11-29 10:52:33,38,6,55.2,15,3,0,65.94
2025-11-29 10:52:34,42,3,55.4,12,3,0,65.94
2025-11-29 10:52:34,36,8,55.4,11,3,0,65.94
2025-11-29 10:52:34,39,4,55.5,14,3,0,65.94
2025-11-29 10:52:35,28,6,55.5,12,3,0,65.94
2025-11-29 10:52:35,38,4,55.4,16,3,0,65.94
2025-11-29 10:52:36,9,5,55.4,14,3,0,65.94
2025-11-29 10:52:36,11,1,55.4,14,3,0,65.94
2025-11-29 10:52:36,21,7,55.5,10,3,0,65.94
2025-11-29 10:52:37,7,4,55.6,14,3,0,65.95
2025-11-29 10:52:37,7,2,55.6,15,3,0,65.95
2025-11-29 10:52:38,79,2,53.8,12,3,0,65.95
2025-11-29 10:52:38,4,5,52.5,13,3,0,65.95
2025-11-29 10:52:38,24,2,52.5,10,3,0,65.95
2025-11-29 10:52:39,17,8,52.5,14,3,0,65.95
2025-11-29 10:52:39,17,6,52.6,13,3,0,65.95
2025-11-29 10:52:39,5,8,52.6,13,3,0,65.95
2025-11-29 10:52:40,6,0,52.6,13,3,0,65.95
2025-11-29 10:52:40,4,3,52.6,13,3,0,65.95
2025-11-29 10:52:41,33,3,52.9,12,3,0,65.95
2025-11-29 10:52:41,17,1,52.9,12,3,1,65.95
2025-11-29 10:52:41,29,4,52.9,12,3,1,65.95
2025-11-29 10:52:42,7,0,52.9,14,3,1,66.11
2025-11-29 10:52:42,26,5,52.9,10,3,1,66.11
2025-11-29 10:52:42,31,4,52.9,10,3,1,66.11
2025-11-29 10:52:43,7,0,53.0,14,3,1,66.11
2025-11-29 10:52:43,4,3,53.0,14,3,1,66.11
2025-11-29 10:52:44,4,5,53.0,10,3,1,66.11
2025-11-29 10:52:44,2,9,53.1,14,3,1,66.11
2025-11-29 10:52:44,8,5,52.7,12,3,1,66.11
2025-11-29 10:52:45,8,5,52.7,11,3,1,66.11
2025-11-29 10:52:45,8,5,52.7,13,3,1,66.11
2025-11-29 10:52:45,4,3,52.7,14,3,1,66.11
2025-11-29 10:52:46,4,3,52.7,14,3,1,66.11
2025-11-29 10:52:46,4,4,52.7,12,3,0,66.11
2025-11-29 10:52:47,46,8,52.6,12,3,0,65.94
2025-11-29 10:52:47,7,0,52.7,14,3,0,65.94
2025-11-29 10:52:47,22,1,52.8,14,3,0,65.94
2025-11-29 10:52:48,4,3,52.8,10,3,0,65.94
2025-11-29 10:52:48,11,4,52.8,13,3,0,65.94
2025-11-29 10:52:48,3,0,52.8,14,3,0,65.94
2025-11-29 10:52:49,5,8,52.8,12,3,0,65.94
2025-11-29 10:52:49,5,7,52.8,14,3,0,65.94
2025-11-29 10:52:49,7,0,52.9,14,3,0,65.94
2025-11-29 10:52:50,5,9,52.9,14,3,0,65.94
2025-11-29 10:52:50,7,0,52.9,12,3,0,65.94
2025-11-29 10:52:51,5,8,53.0,13,3,0,65.94
2025-11-29 10:52:51,4,3,52.9,13,3,0,65.94
2025-11-29 10:52:51,5,7,52.9,13,3,0,65.94
2025-11-29 10:52:52,5,7,52.9,12,3,0,65.95
2025-11-29 10:52:52,2,9,52.9,12,3,0,65.95
2025-11-29 10:52:52,4,4,53.0,12,3,0,65.95
2025-11-29 10:52:53,4,5,53.1,10,3,0,65.95
2025-11-29 10:52:53,21,4,53.0,12,3,0,65.95
2025-11-29 10:52:54,28,4,53.1,11,3,0,65.95
2025-11-29 10:52:54,22,9,52.8,13,3,0,65.95
2025-11-29 10:52:54,26,1,52.8,13,3,0,65.95
2025-11-29 10:52:55,7,5,52.8,13,3,0,65.95
2025-11-29 10:52:55,5,9,52.9,12,3,0,65.95
2025-11-29 10:52:55,12,7,52.9,13,3,0,65.95
2025-11-29 10:52:56,33,7,52.8,13,3,0,65.95
2025-11-29 10:52:56,5,8,52.8,14,3,0,65.95
2025-11-29 10:52:57,11,8,52.8,14,3,0,65.95
2025-11-29 10:52:57,5,7,52.8,13,3,0,65.95
2025-11-29 10:52:57,4,2,52.8,15,3,0,65.95
2025-11-29 10:52:58,8,5,52.8,15,3,0,65.95
2025-11-29 10:52:58,10,1,52.8,14,3,0,65.95
2025-11-29 10:52:59,22,1,52.9,12,3,0,65.95
2025-11-29 10:52:59,14,9,52.8,11,3,0,65.95
2025-11-29 10:52:59,9,0,52.9,12,3,0,65.95
2025-11-29 10:53:00,7,2,52.9,11,3,0,65.95
2025-11-29 10:53:00,5,8,52.9,14,3,0,65.95
2025-11-29 10:53:00,2,8,53.0,14,3,0,65.95
2025-11-29 10:53:01,4,4,53.0,15,3,0,65.95
2025-11-29 10:53:01,31,4,52.5,12,3,0,65.95
2025-11-29 10:53:02,2,9,52.6,14,3,0,65.79
2025-11-29 10:53:02,2,9,52.6,14,3,0,65.79
2025-11-29 10:53:02,10,9,52.6,12,3,0,65.79
2025-11-29 10:53:03,21,7,52.6,15,3,0,65.79
2025-11-29 10:53:03,20,6,52.7,11,3,0,65.79
2025-11-29 10:53:03,8,7,52.6,10,3,0,65.79
2025-11-29 10:53:04,7,0,52.7,13,3,0,65.79
2025-11-29 10:53:04,7,1,52.9,13,3,0,65.79
2025-11-29 10:53:04,4,5,52.9,13,3,0,65.79
2025-11-29 10:53:05,5,8,52.9,14,3,0,65.79
2025-11-29 10:53:05,8,6,52.9,14,3,0,65.79
2025-11-29 10:53:06,1,5,52.9,14,3,0,65.79
2025-11-29 10:53:06,8,3,53.1,14,3,0,65.79
2025-11-29 10:53:06,4,3,53.1,15,3,0,65.79
2025-11-29 10:53:07,5,7,53.0,13,3,0,65.89
2025-11-29 10:53:07,4,3,53.0,14,3,0,65.89
2025-11-29 10:53:07,31,2,52.9,11,3,0,65.89
2025-11-29 10:53:08,5,5,52.9,14,3,0,65.89
2025-11-29 10:53:08,4,5,52.8,14,3,0,65.89
2025-11-29 10:53:09,10,3,52.8,11,3,0,65.89
2025-11-29 10:53:09,5,9,53.0,14,3,0,65.89
2025-11-29 10:53:09,5,8,53.0,15,3,0,65.89
2025-11-29 10:53:10,7,1,53.1,16,3,0,65.89
2025-11-29 10:53:10,4,3,53.2,10,3,0,65.89
2025-11-29 10:53:10,8,3,53.2,14,3,0,65.89
2025-11-29 10:53:11,4,5,53.0,11,3,0,65.89
2025-11-29 10:53:11,4,5,53.1,13,3,0,65.89
2025-11-29 10:53:12,7,4,53.1,14,3,0,65.74
2025-11-29 10:53:12,7,1,53.2,12,3,0,65.74
2025-11-29 10:53:12,2,9,53.2,14,3,0,65.74
2025-11-29 10:53:13,5,6,53.1,12,3,0,65.74
2025-11-29 10:53:13,5,8,53.1,12,3,0,65.74
2025-11-29 10:53:13,4,3,53.2,14,3,0,65.74
2025-11-29 10:53:14,4,4,53.2,13,3,0,65.74
2025-11-29 10:53:14,26,8,53.6,10,3,0,65.74
2025-11-29 10:53:14,8,8,53.6,10,3,0,65.74
2025-11-29 10:53:15,7,2,53.6,11,3,0,65.74
2025-11-29 10:53:15,5,5,53.7,14,3,0,65.74
2025-11-29 10:53:16,10,1,53.8,13,3,0,65.74
2025-11-29 10:53:16,14,3,53.8,10,3,0,65.74
2025-11-29 10:53:16,20,6,53.8,13,3,0,65.74
2025-11-29 10:53:17,3,0,53.8,13,3,0,65.92
2025-11-29 10:53:17,4,4,53.8,14,3,0,65.92
2025-11-29 10:53:17,4,3,53.8,14,3,0,65.92
2025-11-29 10:53:18,7,2,53.8,13,3,0,65.92
2025-11-29 10:53:18,4,4,53.9,13,3,0,65.92
2025-11-29 10:53:19,7,1,53.9,10,3,0,65.92
2025-11-29 10:53:19,6,0,53.9,11,3,0,65.92
2025-11-29 10:53:19,5,7,53.9,14,3,0,65.92
2025-11-29 10:53:20,5,8,53.9,11,3,0,65.92
2025-11-29 10:53:20,4,3,53.9,14,3,0,65.92
2025-11-29 10:53:20,13,7,53.9,13,3,0,65.92
2025-11-29 10:53:21,12,9,53.6,11,3,0,65.92
2025-11-29 10:53:21,17,1,53.6,12,3,0,65.92
2025-11-29 10:53:22,4,4,53.6,14,3,0,65.77
2025-11-29 10:53:22,31,9,53.6,13,3,0,65.77
2025-11-29 10:53:22,4,3,53.7,10,3,0,65.77
2025-11-29 10:53:23,78,6,53.7,10,3,0,65.77
2025-11-29 10:53:23,7,5,53.6,10,3,0,65.77
2025-11-29 10:53:23,14,1,53.7,13,3,0,65.77
2025-11-29 10:53:24,7,0,53.7,13,3,0,65.77
2025-11-29 10:53:24,4,5,53.7,13,3,0,65.77
2025-11-29 10:53:24,5,6,53.7,10,3,0,65.77
2025-11-29 10:53:25,13,9,53.6,13,3,0,65.77
2025-11-29 10:53:25,0,0,53.4,14,3,0,65.77
2025-11-29 10:53:26,7,2,53.5,12,3,0,65.77
2025-11-29 10:53:26,2,9,53.5,14,3,0,65.77
2025-11-29 10:53:26,2,9,53.5,14,3,0,65.77
2025-11-29 10:53:27,2,9,53.6,11,3,0,65.79
2025-11-29 10:53:27,0,0,53.7,11,3,0,65.79
2025-11-29 10:53:27,2,9,53.6,14,3,0,65.79
2025-11-29 10:53:28,0,0,53.5,14,3,0,65.79
2025-11-29 10:53:28,4,3,53.5,14,3,0,65.79
2025-11-29 10:53:29,2,9,53.5,11,3,0,65.79
2025-11-29 10:53:29,5,8,53.6,14,3,0,65.79
2025-11-29 10:53:29,0,0,53.6,15,3,0,65.79
2025-11-29 10:53:30,1,5,53.6,14,3,0,65.79
2025-11-29 10:53:30,2,9,53.6,14,3,0,65.79
2025-11-29 10:53:30,2,9,53.7,14,3,0,65.79
2025-11-29 10:53:31,1,5,53.7,14,3,0,65.79
2025-11-29 10:53:31,2,8,53.6,13,3,0,65.79
2025-11-29 10:53:32,23,0,53.6,13,3,0,65.64
2025-11-29 10:53:32,1,4,53.7,15,3,0,65.64
2025-11-29 10:53:32,1,4,53.6,14,3,0,65.64
2025-11-29 10:53:33,2,9,53.6,14,3,0,65.64
2025-11-29 10:53:33,2,8,53.7,12,3,0,65.64
2025-11-29 10:53:33,1,5,53.7,14,3,0,65.64
2025-11-29 10:53:34,2,9,53.7,14,3,0,65.64
2025-11-29 10:53:34,1,5,53.3,14,3,0,65.64
2025-11-29 10:53:34,1,4,53.3,11,3,0,65.64
2025-11-29 10:53:35,1,4,53.3,14,3,0,65.64
2025-11-29 10:53:35,1,4,53.3,14,3,0,65.64
2025-11-29 10:53:36,4,2,53.3,14,3,0,65.64
2025-11-29 10:53:36,2,9,53.4,14,3,0,65.64
2025-11-29 10:53:36,2,9,53.3,14,3,0,65.64
2025-11-29 10:53:37,3,0,53.4,14,3,0,65.75
2025-11-29 10:53:37,4,3,53.4,12,3,0,65.75
2025-11-29 10:53:37,2,9,53.4,14,3,0,65.75
2025-11-29 10:53:38,2,9,53.3,14,3,0,65.75
2025-11-29 10:53:38,1,4,53.3,13,3,0,65.75
2025-11-29 10:53:39,7,1,53.4,11,3,0,65.75
2025-11-29 10:53:39,5,6,53.4,13,3,0,65.75
2025-11-29 10:53:39,1,5,53.4,14,3,0,65.75
2025-11-29 10:53:40,2,9,53.5,13,3,0,65.75
2025-11-29 10:53:40,1,4,53.5,14,3,0,65.75
2025-11-29 10:53:40,1,4,53.5,12,3,0,65.75
2025-11-29 10:53:41,1,4,53.5,14,3,0,65.75
2025-11-29 10:53:41,1,4,53.5,14,3,0,65.75
2025-11-29 10:53:42,2,9,53.5,14,3,0,65.61
2025-11-29 10:53:42,1,5,53.5,12,3,0,65.61
2025-11-29 10:53:42,0,0,53.5,14,3,0,65.61
2025-11-29 10:53:43,1,5,53.5,13,3,0,65.61
2025-11-29 10:53:43,1,4,53.5,14,3,0,65.61
2025-11-29 10:53:43,1,5,53.5,14,3,0,65.61
2025-11-29 10:53:44,4,5,53.5,10,3,0,65.61
2025-11-29 10:53:44,2,9,53.5,14,3,1,65.61
2025-11-29 10:53:44,2,9,53.5,13,3,1,65.61
2025-11-29 10:53:45,10,1,53.5,10,3,1,65.61
2025-11-29 10:53:45,1,5,53.6,14,3,2,65.61
2025-11-29 10:53:46,2,9,53.6,14,3,2,65.61
2025-11-29 10:53:46,2,9,53.6,14,3,2,65.61
2025-11-29 10:53:46,1,4,53.6,14,3,2,65.61
2025-11-29 10:53:47,4,3,53.6,14,3,3,65.64
2025-11-29 10:53:47,0,0,53.6,14,3,3,65.64
2025-11-29 10:53:47,4,3,53.6,11,3,4,65.64
2025-11-29 10:53:48,1,4,53.6,14,3,4,65.64
2025-11-29 10:53:48,2,9,53.6,14,3,4,65.64
2025-11-29 10:53:49,2,9,53.6,11,3,4,65.64
2025-11-29 10:53:49,2,9,53.6,14,3,4,65.64
2025-11-29 10:53:49,4,3,53.6,14,3,3,65.64
2025-11-29 10:53:50,70,0,53.7,10,3,3,65.64
2025-11-29 10:53:50,1,4,53.6,14,3,3,65.64
2025-11-29 10:53:50,4,3,53.6,13,3,2,65.64
2025-11-29 10:53:51,4,3,53.5,12,3,2,65.64
2025-11-29 10:53:51,1,4,53.5,14,3,2,65.64
2025-11-29 10:53:52,2,9,53.5,12,3,2,65.51
2025-11-29 10:53:52,2,9,53.5,13,3,1,65.51
2025-11-29 10:53:52,0,0,53.5,14,3,1,65.51
2025-11-29 10:53:53,1,4,53.5,13,3,0,65.51
2025-11-29 10:53:53,2,9,53.5,14,3,0,65.51
2025-11-29 10:53:53,2,9,53.5,14,3,0,65.51
2025-11-29 10:53:54,2,9,53.5,14,3,0,65.51
2025-11-29 10:53:54,2,8,53.5,14,3,0,65.51
2025-11-29 10:53:54,1,4,53.5,14,3,0,65.51
2025-11-29 10:53:55,4,2,53.5,14,3,0,65.51
2025-11-29 10:53:55,1,4,53.5,14,3,0,65.51
2025-11-29 10:53:56,1,4,53.5,14,3,0,65.51
2025-11-29 10:53:56,2,9,53.5,14,3,0,65.51
2025-11-29 10:53:56,2,9,53.5,13,3,0,65.51
2025-11-29 10:53:57,2,9,53.5,11,3,0,65.63
2025-11-29 10:53:57,2,9,53.5,14,3,0,65.63
2025-11-29 10:53:57,1,4,53.5,14,3,0,65.63
2025-11-29 10:53:58,1,4,53.5,14,3,0,65.63
2025-11-29 10:53:58,2,9,53.5,13,3,0,65.63
2025-11-29 10:53:59,2,8,53.5,11,3,0,65.63
2025-11-29 10:53:59,2,9,53.5,12,3,0,65.63
2025-11-29 10:53:59,1,4,53.5,10,3,0,65.63
2025-11-29 10:54:00,2,9,53.5,13,3,0,65.63
2025-11-29 10:54:00,1,4,53.5,14,3,0,65.63
2025-11-29 10:54:00,1,4,53.5,15,3,0,65.63
2025-11-29 10:54:01,1,4,53.5,11,3,0,65.63
2025-11-29 10:54:01,0,0,53.6,12,3,0,65.63
2025-11-29 10:54:02,2,9,53.5,11,3,0,65.50
2025-11-29 10:54:02,4,3,53.5,14,3,0,65.50
2025-11-29 10:54:02,1,4,53.5,14,3,0,65.50
2025-11-29 10:54:03,4,3,53.6,13,3,0,65.50
2025-11-29 10:54:03,1,4,53.5,14,3,0,65.50
2025-11-29 10:54:03,2,9,53.5,13,3,0,65.50
2025-11-29 10:54:04,2,9,53.5,14,3,0,65.50
2025-11-29 10:54:04,5,7,53.5,14,3,0,65.50
2025-11-29 10:54:05,1,5,53.5,14,3,0,65.50
2025-11-29 10:54:05,2,9,53.5,13,3,0,65.50
2025-11-29 10:54:05,4,3,53.5,14,3,0,65.50
2025-11-29 10:54:06,2,9,53.5,14,3,0,65.50
2025-11-29 10:54:06,1,5,53.5,12,3,0,65.50
2025-11-29 10:54:06,2,8,53.5,14,3,0,65.50
2025-11-29 10:54:07,2,9,53.5,14,3,0,65.54
2025-11-29 10:54:07,2,9,53.5,14,3,0,65.54
2025-11-29 10:54:07,2,9,53.5,12,3,0,65.54
2025-11-29 10:54:08,23,7,53.5,12,3,0,65.54
2025-11-29 10:54:08,1,4,53.5,13,3,0,65.54
2025-11-29 10:54:09,5,8,53.4,11,3,0,65.54
2025-11-29 10:54:09,1,5,53.4,10,3,0,65.54
2025-11-29 10:54:09,1,5,53.4,14,3,0,65.54
2025-11-29 10:54:10,2,9,53.4,14,3,0,65.54
2025-11-29 10:54:10,2,9,53.3,14,3,0,65.54
2025-11-29 10:54:10,1,4,53.3,14,3,0,65.54
2025-11-29 10:54:11,1,5,53.2,14,3,0,65.54
2025-11-29 10:54:11,1,4,53.2,14,3,0,65.54
2025-11-29 10:54:12,2,9,53.2,14,3,0,65.42
2025-11-29 10:54:12,1,5,53.3,14,3,0,65.42
2025-11-29 10:54:12,2,9,53.3,14,3,0,65.42
2025-11-29 10:54:13,2,9,53.3,13,3,0,65.42
2025-11-29 10:54:13,1,4,53.3,14,3,0,65.42
2025-11-29 10:54:13,0,0,53.3,10,3,0,65.42
2025-11-29 10:54:14,1,5,53.3,14,3,0,65.42
2025-11-29 10:54:14,2,9,53.3,14,3,0,65.42
2025-11-29 10:54:15,2,9,53.3,14,3,0,65.42
2025-11-29 10:54:15,4,3,53.3,14,3,0,65.42
2025-11-29 10:54:15,2,9,53.3,14,3,0,65.42
2025-11-29 10:54:16,0,0,53.3,13,3,0,65.42
2025-11-29 10:54:16,2,8,53.2,12,3,0,65.42
2025-11-29 10:54:16,2,8,53.2,10,3,0,65.42
2025-11-29 10:54:17,0,0,53.2,14,3,0,65.62
2025-11-29 10:54:17,0,0,53.2,14,3,0,65.62
2025-11-29 10:54:18,2,9,53.3,11,3,0,65.62
2025-11-29 10:54:18,4,2,53.3,14,3,0,65.62
2025-11-29 10:54:18,1,5,53.2,10,3,0,65.62
2025-11-29 10:54:19,5,9,53.2,11,3,0,65.62
2025-11-29 10:54:19,2,9,53.2,14,3,0,65.62
2025-11-29 10:54:19,1,4,53.2,13,3,0,65.62
2025-11-29 10:54:20,5,6,53.3,14,3,0,65.62
2025-11-29 10:54:20,2,9,53.3,14,3,0,65.62
2025-11-29 10:54:20,1,5,53.3,10,3,0,65.62
2025-11-29 10:54:21,1,4,53.3,14,3,0,65.62
2025-11-29 10:54:21,1,4,53.3,12,3,0,65.62
2025-11-29 10:54:22,2,9,53.4,14,3,0,65.49
2025-11-29 10:54:22,1,4,53.4,12,3,0,65.49
2025-11-29 10:54:22,1,5,53.4,14,3,0,65.49
2025-11-29 10:54:23,1,5,53.4,14,3,0,65.49
2025-11-29 10:54:23,0,0,53.4,13,3,0,65.49
2025-11-29 10:54:23,1,4,53.4,14,3,0,65.49
2025-11-29 10:54:24,2,9,53.4,14,3,0,65.49
2025-11-29 10:54:24,0,0,53.4,13,3,0,65.49
2025-11-29 10:54:25,4,3,53.4,13,3,0,65.49
2025-11-29 10:54:25,4,3,53.4,14,3,0,65.49
2025-11-29 10:54:25,1,5,53.4,14,3,0,65.49
2025-11-29 10:54:26,2,9,53.4,12,3,0,65.49
2025-11-29 10:54:26,2,9,53.4,14,3,0,65.49
2025-11-29 10:54:26,22,2,53.3,11,3,0,65.49
2025-11-29 10:54:27,0,0,53.2,14,3,0,65.61
2025-11-29 10:54:27,2,9,53.2,14,3,0,65.61
2025-11-29 10:54:28,1,4,53.2,11,3,0,65.61
2025-11-29 10:54:28,2,9,53.2,14,3,0,65.61
2025-11-29 10:54:28,1,4,53.2,10,3,0,65.61
2025-11-29 10:54:29,7,1,53.2,11,3,0,65.61
2025-11-29 10:54:29,1,4,53.2,14,3,0,65.61
2025-11-29 10:54:29,1,5,53.2,14,3,0,65.61
2025-11-29 10:54:30,2,9,53.2,14,3,0,65.61
2025-11-29 10:54:30,4,3,53.1,14,3,0,65.61
2025-11-29 10:54:30,2,9,53.1,13,3,0,65.61
2025-11-29 10:54:31,2,9,53.1,15,3,0,65.61
2025-11-29 10:54:31,1,4,53.1,12,3,0,65.61
2025-11-29 10:54:32,0,0,53.1,14,3,0,65.48
2025-11-29 10:54:32,1,5,53.1,12,3,0,65.48
2025-11-29 10:54:32,0,0,53.1,14,3,0,65.48
2025-11-29 10:54:33,21,7,53.6,12,3,0,65.48
2025-11-29 10:54:33,2,9,53.6,13,3,0,65.48
2025-11-29 10:54:33,0,0,53.7,13,3,0,65.48
2025-11-29 10:54:34,1,4,53.7,10,3,0,65.48
2025-11-29 10:54:34,4,3,53.8,13,3,0,65.48
2025-11-29 10:54:35,2,9,53.8,12,3,0,65.48
2025-11-29 10:54:35,4,3,53.8,12,3,0,65.48
2025-11-29 10:54:35,1,5,53.8,14,3,0,65.48
2025-11-29 10:54:36,2,9,53.8,12,3,0,65.48
2025-11-29 10:54:36,2,9,53.8,14,3,0,65.48
2025-11-29 10:54:36,0,0,53.8,10,3,0,65.48
2025-11-29 10:54:37,14,3,53.8,12,3,0,65.45
2025-11-29 10:54:37,1,4,53.8,13,3,0,65.45
2025-11-29 10:54:38,4,4,53.8,14,3,0,65.45
2025-11-29 10:54:38,1,5,53.9,14,3,0,65.45
2025-11-29 10:54:38,0,0,53.9,11,3,0,65.45
2025-11-29 10:54:39,7,5,53.9,11,3,0,65.45
2025-11-29 10:54:39,1,5,53.9,11,3,0,65.45
2025-11-29 10:54:39,2,9,53.9,12,3,0,65.45
2025-11-29 10:54:40,22,1,53.9,10,3,0,65.45
2025-11-29 10:54:40,2,9,53.9,14,3,0,65.45
2025-11-29 10:54:40,1,5,53.9,14,3,0,65.45
2025-11-29 10:54:41,0,0,53.9,12,3,0,65.45
2025-11-29 10:54:41,1,5,53.9,14,3,0,65.45
2025-11-29 10:54:42,1,4,53.9,14,3,0,65.33
2025-11-29 10:54:42,1,4,53.9,14,3,0,65.33
2025-11-29 10:54:42,1,5,53.9,14,3,0,65.33
2025-11-29 10:54:43,2,9,53.9,14,3,0,65.33
2025-11-29 10:54:43,2,9,53.9,14,3,0,65.33
2025-11-29 10:54:43,4,4,54.0,11,3,0,65.33
2025-11-29 10:54:44,0,0,54.0,14,3,0,65.33
2025-11-29 10:54:44,0,0,53.9,14,3,0,65.33
2025-11-29 10:54:45,25,0,53.9,12,3,0,65.33
2025-11-29 10:54:45,1,4,53.9,12,3,0,65.33
2025-11-29 10:54:45,1,5,53.8,14,3,0,65.33
2025-11-29 10:54:46,4,3,53.8,13,3,0,65.33
2025-11-29 10:54:46,2,9,53.8,11,3,0,65.33
2025-11-29 10:54:46,1,4,53.8,14,3,0,65.33
2025-11-29 10:54:47,2,9,53.8,13,3,0,65.38
2025-11-29 10:54:47,1,4,53.8,14,3,0,65.38
2025-11-29 10:54:48,2,9,53.8,14,3,0,65.38
2025-11-29 10:54:48,4,3,53.8,14,3,0,65.38
2025-11-29 10:54:48,2,9,53.8,14,3,0,65.38
2025-11-29 10:54:49,7,0,53.8,13,3,0,65.38
2025-11-29 10:54:49,2,9,53.8,14,3,0,65.38
2025-11-29 10:54:49,1,4,53.8,12,3,0,65.38
2025-11-29 10:54:50,4,3,53.8,14,3,0,65.38
2025-11-29 10:54:50,2,9,53.8,14,3,0,65.38
2025-11-29 10:54:50,2,9,53.7,14,3,0,65.38
2025-11-29 10:54:51,2,9,53.6,13,3,0,65.38
2025-11-29 10:54:51,0,0,53.6,15,3,0,65.38
2025-11-29 10:54:52,1,5,53.6,14,3,0,65.27
2025-11-29 10:54:52,1,5,53.7,14,3,0,65.27
2025-11-29 10:54:52,2,9,53.7,14,3,0,65.27
2025-11-29 10:54:53,1,4,53.7,14,3,0,65.27
2025-11-29 10:54:53,1,5,53.7,14,3,0,65.27
2025-11-29 10:54:53,2,9,53.7,14,3,0,65.27
2025-11-29 10:54:54,1,4,53.7,14,3,0,65.27
2025-11-29 10:54:54,2,9,53.7,14,3,0,65.27
2025-11-29 10:54:55,4,3,53.7,10,3,0,65.27
2025-11-29 10:54:55,1,5,53.7,14,3,0,65.27
2025-11-29 10:54:55,1,5,53.7,14,3,0,65.27
2025-11-29 10:54:56,4,3,53.7,14,3,0,65.27
2025-11-29 10:54:56,1,4,53.7,14,3,0,65.27
2025-11-29 10:54:56,1,5,53.7,10,3,0,65.27
2025-11-29 10:54:57,1,4,53.7,14,3,0,65.25
2025-11-29 10:54:57,1,4,53.7,13,3,0,65.25
2025-11-29 10:54:58,2,9,53.7,14,3,0,65.25
2025-11-29 10:54:58,2,9,53.7,13,3,0,65.25
2025-11-29 10:54:58,0,0,53.7,14,3,0,65.25
2025-11-29 10:54:59,5,8,53.7,10,3,0,65.25
2025-11-29 10:54:59,1,4,53.7,14,3,0,65.25
2025-11-29 10:54:59,1,4,53.7,14,3,0,65.25
2025-11-29 10:55:00,1,4,53.7,14,3,0,65.25
2025-11-29 10:55:00,1,5,53.7,14,3,0,65.25
2025-11-29 10:55:00,13,0,53.7,13,3,0,65.25
2025-11-29 10:55:01,11,8,53.6,11,3,0,65.25
2025-11-29 10:55:01,11,8,53.6,16,3,0,65.25
2025-11-29 10:55:02,2,9,53.5,12,3,0,65.15
2025-11-29 10:55:02,2,9,53.5,14,3,0,65.15
2025-11-29 10:55:02,0,0,53.5,11,3,0,65.15
2025-11-29 10:55:03,1,4,53.3,12,3,0,65.15
2025-11-29 10:55:03,2,8,53.4,14,3,0,65.15
2025-11-29 10:55:04,1,5,53.3,13,3,0,65.15
2025-11-29 10:55:04,4,4,53.3,14,3,0,65.15
2025-11-29 10:55:04,1,5,53.3,14,3,0,65.15
2025-11-29 10:55:05,2,9,53.3,12,3,0,65.15
2025-11-29 10:55:05,2,9,53.1,12,3,0,65.15
2025-11-29 10:55:05,1,5,53.1,14,3,0,65.15
2025-11-29 10:55:06,2,9,53.1,14,3,0,65.15
2025-11-29 10:55:06,1,4,53.1,14,3,0,65.15
2025-11-29 10:55:06,11,3,53.1,11,3,0,65.15
2025-11-29 10:55:07,1,5,53.1,14,3,0,65.14
2025-11-29 10:55:07,0,0,53.2,13,3,0,65.14
2025-11-29 10:55:08,1,5,53.2,14,3,0,65.14
2025-11-29 10:55:08,2,9,53.2,14,3,0,65.14
2025-11-29 10:55:08,1,4,53.3,14,3,0,65.14
2025-11-29 10:55:09,5,8,53.3,13,3,0,65.14
2025-11-29 10:55:09,2,9,53.3,10,3,0,65.14
2025-11-29 10:55:09,1,4,53.4,14,3,0,65.14
2025-11-29 10:55:10,2,9,53.5,13,3,0,65.14
2025-11-29 10:55:10,1,4,53.5,14,3,0,65.14
2025-11-29 10:55:11,0,0,53.5,14,3,0,65.14
2025-11-29 10:55:11,4,3,53.5,14,3,0,65.14
2025-11-29 10:55:11,2,9,53.5,10,3,0,65.14
2025-11-29 10:55:12,2,9,53.5,13,3,0,65.05
2025-11-29 10:55:12,2,9,53.5,11,3,0,65.05
2025-11-29 10:55:12,1,5,53.5,14,3,0,65.05
2025-11-29 10:55:13,1,4,53.5,14,3,0,65.05
2025-11-29 10:55:13,3,0,53.5,14,3,0,65.05
2025-11-29 10:55:14,1,5,53.4,10,3,0,65.05
2025-11-29 10:55:14,2,9,53.6,14,3,0,65.05
2025-11-29 10:55:14,1,4,53.6,11,3,0,65.05
2025-11-29 10:55:15,2,9,53.6,14,3,0,65.05
2025-11-29 10:55:15,4,3,53.6,14,3,0,65.05
2025-11-29 10:55:15,1,4,53.6,14,3,0,65.05
2025-11-29 10:55:16,4,3,53.6,12,3,0,65.05
2025-11-29 10:55:16,2,9,53.6,12,3,0,65.05
2025-11-29 10:55:16,7,5,53.6,10,3,0,65.05
2025-11-29 10:55:17,1,4,53.6,10,3,0,65.12
2025-11-29 10:55:17,1,4,53.6,12,3,0,65.12
2025-11-29 10:55:18,2,9,53.6,14,3,0,65.12
2025-11-29 10:55:18,4,3,53.7,14,3,0,65.12
2025-11-29 10:55:18,1,4,53.7,14,3,0,65.12
2025-11-29 10:55:19,2,9,53.6,14,3,0,65.12
2025-11-29 10:55:19,1,5,53.6,11,3,0,65.12
2025-11-29 10:55:19,1,4,53.6,15,3,0,65.12
2025-11-29 10:55:20,24,7,53.6,13,3,0,65.12
2025-11-29 10:55:20,1,4,53.6,14,3,0,65.12
2025-11-29 10:55:21,4,5,53.6,13,3,0,65.12
2025-11-29 10:55:21,2,9,53.6,14,3,0,65.12
2025-11-29 10:55:21,1,4,53.6,14,3,0,65.12
2025-11-29 10:55:22,4,3,53.5,13,3,0,65.03
2025-11-29 10:55:22,1,4,53.5,14,3,0,65.03
2025-11-29 10:55:22,1,4,53.5,12,3,0,65.03
2025-11-29 10:55:23,2,9,53.5,13,3,0,65.03
2025-11-29 10:55:23,2,9,53.4,14,3,0,65.03
2025-11-29 10:55:24,1,5,53.4,10,3,0,65.03
2025-11-29 10:55:24,2,9,53.4,12,3,0,65.03
2025-11-29 10:55:24,1,4,53.4,14,3,0,65.03
2025-11-29 10:55:25,2,9,53.5,15,3,0,65.03
2025-11-29 10:55:25,2,9,53.5,12,3,0,65.03
2025-11-29 10:55:25,2,9,53.5,14,3,0,65.03
2025-11-29 10:55:26,4,3,53.7,14,3,0,65.03
2025-11-29 10:55:26,4,3,53.7,14,3,0,65.03
2025-11-29 10:55:26,9,9,53.7,10,3,0,65.03
2025-11-29 10:55:27,4,3,53.7,14,3,0,65.11
2025-11-29 10:55:27,0,0,53.7,14,3,0,65.11
2025-11-29 10:55:28,2,9,53.7,12,3,0,65.11
2025-11-29 10:55:28,2,8,53.8,14,3,0,65.11
2025-11-29 10:55:28,2,9,53.8,13,3,0,65.11
2025-11-29 10:55:29,2,9,53.7,13,3,0,65.11
2025-11-29 10:55:29,2,9,53.7,11,3,0,65.11
2025-11-29 10:55:29,2,9,53.8,14,3,0,65.11
2025-11-29 10:55:30,2,9,53.7,11,3,0,65.11
2025-11-29 10:55:30,1,4,53.8,14,3,0,65.11
2025-11-29 10:55:31,1,5,53.7,12,3,0,65.11
2025-11-29 10:55:31,1,5,53.8,14,3,0,65.11
2025-11-29 10:55:31,4,3,53.8,14,3,0,65.11
2025-11-29 10:55:32,2,9,53.8,14,3,0,65.02
2025-11-29 10:55:32,1,4,53.8,11,3,0,65.02
2025-11-29 10:55:32,1,4,53.8,14,3,0,65.02
2025-11-29 10:55:33,2,9,53.8,12,3,0,65.02
2025-11-29 10:55:33,0,0,53.7,14,3,0,65.02
2025-11-29 10:55:34,2,9,53.8,10,3,0,65.02
2025-11-29 10:55:34,2,9,53.8,13,3,0,65.02
2025-11-29 10:55:34,1,4,53.9,14,3,0,65.02
2025-11-29 10:55:35,2,9,53.9,12,3,0,65.02
2025-11-29 10:55:35,4,3,53.9,14,3,0,65.02
2025-11-29 10:55:35,1,4,53.9,10,3,0,65.02
2025-11-29 10:55:36,2,9,54.0,14,3,0,65.02
2025-11-29 10:55:36,1,4,54.0,13,3,0,65.02
2025-11-29 10:55:36,7,2,53.9,10,3,0,65.02
2025-11-29 10:55:37,2,9,54.0,13,3,0,65.10
2025-11-29 10:55:37,2,8,54.0,10,3,0,65.10
2025-11-29 10:55:38,1,4,54.0,14,3,0,65.10
2025-11-29 10:55:38,20,0,54.0,13,3,0,65.10
2025-11-29 10:55:38,2,9,54.0,14,3,0,65.10
2025-11-29 10:55:39,5,7,54.0,12,3,0,65.10
2025-11-29 10:55:39,2,9,54.0,10,3,0,65.10
2025-11-29 10:55:39,2,9,54.0,14,3,0,65.10
2025-11-29 10:55:40,1,4,54.0,14,3,0,65.10
2025-11-29 10:55:40,1,4,54.0,14,3,0,65.10
2025-11-29 10:55:41,1,5,54.0,14,3,0,65.10
2025-11-29 10:55:41,2,9,54.0,14,3,0,65.10
2025-11-29 10:55:41,1,5,54.0,14,3,0,65.10
2025-11-29 10:55:42,2,9,54.0,14,3,0,65.01
2025-11-29 10:55:42,2,9,54.0,12,3,0,65.01
2025-11-29 10:55:42,0,0,54.0,15,3,0,65.01
2025-11-29 10:55:43,0,0,53.7,14,3,0,65.01
2025-11-29 10:55:43,1,4,53.7,14,3,0,65.01
2025-11-29 10:55:44,1,5,53.7,11,3,0,65.01
2025-11-29 10:55:44,5,6,53.7,14,3,0,65.01
2025-11-29 10:55:44,2,9,53.7,14,3,0,65.01
2025-11-29 10:55:45,5,7,53.7,14,3,0,65.01
2025-11-29 10:55:45,2,9,53.7,13,3,0,65.01
2025-11-29 10:55:45,1,4,53.7,14,3,0,65.01
2025-11-29 10:55:46,2,9,53.7,14,3,0,65.01
2025-11-29 10:55:46,1,4,53.7,12,3,0,65.01
2025-11-29 10:55:46,9,1,53.7,11,3,0,65.01
2025-11-29 10:55:47,14,5,54.4,12,3,0,65.41
2025-11-29 10:55:47,4,3,54.4,13,3,0,65.41
2025-11-29 10:55:48,1,4,54.4,14,3,0,65.41
2025-11-29 10:55:48,1,4,54.4,14,3,0,65.41
2025-11-29 10:55:48,2,9,54.4,14,3,0,65.41
2025-11-29 10:55:49,4,3,54.5,10,3,0,65.41
2025-11-29 10:55:49,2,9,54.5,14,3,0,65.41
2025-11-29 10:55:49,0,0,54.6,14,3,0,65.41
2025-11-29 10:55:50,2,9,54.6,16,3,0,65.41
2025-11-29 10:55:50,1,4,54.6,14,3,0,65.41
2025-11-29 10:55:51,2,8,54.6,14,3,0,65.41
2025-11-29 10:55:51,1,4,54.6,14,3,0,65.41
2025-11-29 10:55:51,1,4,54.6,13,3,0,65.41
2025-11-29 10:55:52,4,3,54.6,14,3,0,65.30
2025-11-29 10:55:52,1,4,54.6,14,3,0,65.30
2025-11-29 10:55:52,1,4,54.7,10,3,0,65.30
2025-11-29 10:55:53,0,0,54.7,14,3,0,65.30
2025-11-29 10:55:53,1,4,54.7,14,3,0,65.30
2025-11-29 10:55:54,2,9,54.7,10,3,0,65.30
2025-11-29 10:55:54,1,5,54.8,14,3,0,65.30
2025-11-29 10:55:54,0,0,54.8,14,3,0,65.30
2025-11-29 10:55:55,2,9,54.8,12,3,0,65.30
2025-11-29 10:55:55,1,5,54.8,10,3,0,65.30
2025-11-29 10:55:55,1,4,54.8,14,3,0,65.30
2025-11-29 10:55:56,1,4,54.8,14,3,0,65.30
2025-11-29 10:55:56,0,0,54.7,14,3,0,65.30
2025-11-29 10:55:56,29,0,54.6,10,3,0,65.30
2025-11-29 10:55:57,4,3,54.6,14,3,0,65.51
2025-11-29 10:55:57,2,9,54.6,14,3,0,65.51
2025-11-29 10:55:58,1,5,54.7,14,3,0,65.51
2025-11-29 10:55:58,1,4,54.7,14,3,0,65.51
2025-11-29 10:55:58,2,9,54.7,14,3,0,65.51
2025-11-29 10:55:59,4,4,54.7,13,3,0,65.51
2025-11-29 10:55:59,1,4,54.7,14,3,0,65.51
2025-11-29 10:55:59,1,5,54.7,11,3,0,65.51
2025-11-29 10:56:00,1,5,54.7,13,3,0,65.51
2025-11-29 10:56:00,1,4,54.7,14,3,0,65.51
2025-11-29 10:56:01,0,0,54.7,14,3,0,65.51
2025-11-29 10:56:01,1,4,54.7,12,3,0,65.51
2025-11-29 10:56:01,1,5,54.7,13,3,0,65.51
2025-11-29 10:56:02,2,9,54.6,14,3,0,65.39
2025-11-29 10:56:02,2,9,54.7,14,3,0,65.39
2025-11-29 10:56:02,2,9,54.7,12,3,0,65.39
2025-11-29 10:56:03,1,4,54.2,12,3,0,65.39
2025-11-29 10:56:03,2,9,54.2,14,3,0,65.39
2025-11-29 10:56:04,1,4,54.2,11,3,0,65.39
2025-11-29 10:56:04,2,9,54.2,13,3,0,65.39
2025-11-29 10:56:04,4,3,54.2,14,3,0,65.39
2025-11-29 10:56:05,2,9,54.2,13,3,0,65.39
2025-11-29 10:56:05,1,5,54.3,13,3,0,65.39
2025-11-29 10:56:05,2,9,54.3,13,3,0,65.39
2025-11-29 10:56:06,1,4,54.3,10,3,0,65.39
2025-11-29 10:56:06,14,5,54.3,13,3,0,65.39
2025-11-29 10:56:06,9,9,54.3,10,3,0,65.39
2025-11-29 10:56:07,2,9,54.2,12,3,0,65.44
2025-11-29 10:56:07,4,2,54.3,11,3,0,65.44
2025-11-29 10:56:08,13,9,54.0,14,3,0,65.44
2025-11-29 10:56:08,2,9,54.0,14,3,0,65.44
2025-11-29 10:56:08,2,9,54.0,13,3,0,65.44
2025-11-29 10:56:09,5,6,53.9,10,3,0,65.44
2025-11-29 10:56:09,2,9,53.9,14,3,0,65.44
2025-11-29 10:56:09,11,6,54.0,10,3,0,65.44
2025-11-29 10:56:10,25,4,54.2,11,3,0,65.44
2025-11-29 10:56:10,1,5,54.2,13,3,0,65.44
2025-11-29 10:56:11,15,5,54.3,14,3,0,65.44
2025-11-29 10:56:11,5,9,54.3,13,3,0,65.44
2025-11-29 10:56:11,5,9,54.3,10,3,0,65.44
2025-11-29 10:56:12,3,1,54.4,12,3,0,65.33
2025-11-29 10:56:12,4,3,54.5,13,3,0,65.33
2025-11-29 10:56:12,2,9,54.5,13,3,0,65.33
2025-11-29 10:56:13,1,4,54.6,14,3,0,65.33
2025-11-29 10:56:13,0,0,54.6,13,3,0,65.33
2025-11-29 10:56:14,7,2,54.6,13,3,0,65.33
2025-11-29 10:56:14,16,2,54.5,14,3,0,65.33
2025-11-29 10:56:14,19,4,54.6,13,3,0,65.33
2025-11-29 10:56:15,39,0,54.6,11,3,0,65.33
2025-11-29 10:56:15,26,1,54.6,12,3,0,65.33
2025-11-29 10:56:15,5,8,54.6,14,3,0,65.33
2025-11-29 10:56:16,10,1,53.9,13,3,0,65.33
2025-11-29 10:56:16,4,3,54.0,13,3,0,65.33
2025-11-29 10:56:17,11,6,54.0,12,3,0,65.33
2025-11-29 10:56:17,7,4,53.8,14,3,0,65.38
2025-11-29 10:56:17,17,1,53.8,12,3,0,65.38
2025-11-29 10:56:18,5,7,53.8,12,3,0,65.38
2025-11-29 10:56:18,1,5,53.8,14,3,0,65.38
2025-11-29 10:56:18,2,9,53.8,14,3,0,65.38
2025-11-29 10:56:19,5,8,54.0,10,3,0,65.38
2025-11-29 10:56:19,0,0,54.0,14,3,0,65.38
2025-11-29 10:56:19,1,4,54.0,13,3,0,65.38
2025-11-29 10:56:20,4,3,54.0,14,3,0,65.38
2025-11-29 10:56:20,1,5,54.0,14,3,0,65.38
2025-11-29 10:56:21,5,9,54.1,13,3,0,65.38
2025-11-29 10:56:21,1,4,53.9,14,3,0,65.38
2025-11-29 10:56:21,1,4,53.9,14,3,0,65.38
2025-11-29 10:56:22,2,9,53.9,14,3,0,65.35
2025-11-29 10:56:22,2,9,53.9,14,3,0,65.35
2025-11-29 10:56:22,1,5,54.0,14,3,0,65.35
2025-11-29 10:56:23,2,9,54.1,13,3,0,65.35
2025-11-29 10:56:23,1,4,54.1,14,3,0,65.35
2025-11-29 10:56:24,2,9,54.1,11,3,0,65.35
2025-11-29 10:56:24,1,5,54.2,14,3,0,65.35
2025-11-29 10:56:24,1,4,54.2,13,3,0,65.35
2025-11-29 10:56:25,2,9,54.2,13,3,0,65.35
2025-11-29 10:56:25,2,9,54.2,12,3,0,65.35
2025-11-29 10:56:25,2,9,54.2,14,3,0,65.35
2025-11-29 10:56:26,1,5,54.2,14,3,0,65.35
2025-11-29 10:56:26,8,7,54.2,14,3,0,65.35
2025-11-29 10:56:27,17,4,54.1,12,3,0,65.35
2025-11-29 10:56:27,2,9,54.1,12,3,0,65.48
2025-11-29 10:56:27,16,4,54.1,11,3,0,65.48
2025-11-29 10:56:28,6,0,54.1,14,3,0,65.48
2025-11-29 10:56:28,8,6,54.1,14,3,0,65.48
2025-11-29 10:56:28,5,9,54.1,12,3,0,65.48
2025-11-29 10:56:29,2,9,54.1,14,3,0,65.48
2025-11-29 10:56:29,5,9,54.2,14,3,0,65.48
2025-11-29 10:56:29,1,5,54.3,13,3,0,65.48
2025-11-29 10:56:30,8,7,54.2,13,3,0,65.48
2025-11-29 10:56:30,2,9,54.2,12,3,0,65.48
2025-11-29 10:56:31,1,5,54.3,14,3,0,65.48
2025-11-29 10:56:31,1,5,54.3,14,3,0,65.48
2025-11-29 10:56:31,7,2,54.3,11,3,0,65.48
2025-11-29 10:56:32,4,3,54.4,13,3,0,65.36
2025-11-29 10:56:32,10,6,53.8,10,3,0,65.36
2025-11-29 10:56:33,41,7,53.9,24,3,0,65.36
2025-11-29 10:56:33,57,1,54.2,11,3,0,65.36
2025-11-29 10:56:33,7,4,54.2,12,3,0,65.36
2025-11-29 10:56:34,4,3,54.2,10,3,0,65.36
2025-11-29 10:56:34,12,9,54.3,11,3,0,65.36
2025-11-29 10:56:34,2,8,54.4,14,3,0,65.36
2025-11-29 10:56:35,4,2,54.3,14,3,0,65.36
2025-11-29 10:56:35,2,8,54.3,14,3,0,65.36
2025-11-29 10:56:36,16,9,54.3,14,3,0,65.36
2025-11-29 10:56:36,37,1,49.7,11,3,0,65.36
2025-11-29 10:56:36,3,0,49.4,10,3,0,65.36
2025-11-29 10:56:37,17,9,49.4,12,3,0,65.49
2025-11-29 10:56:37,6,0,49.4,14,3,0,65.49
2025-11-29 10:56:37,2,9,49.4,14,3,0,65.49
2025-11-29 10:56:38,4,3,49.2,14,3,0,65.49
2025-11-29 10:56:38,15,2,49.0,11,3,0,65.49
2025-11-29 10:56:38,2,9,49.2,13,3,0,65.49
2025-11-29 10:56:39,1,5,49.2,13,3,0,65.49
2025-11-29 10:56:39,4,4,49.1,14,3,0,65.49
2025-11-29 10:56:40,22,2,49.2,11,3,0,65.49
2025-11-29 10:56:40,24,3,41.9,12,3,0,65.49
2025-11-29 10:56:40,19,4,41.9,12,3,0,65.49
2025-11-29 10:56:41,13,8,42.1,12,3,0,65.49
2025-11-29 10:56:41,1,5,42.1,14,3,0,65.49
2025-11-29 10:56:41,1,4,42.1,14,3,0,65.49
2025-11-29 10:56:42,1,4,42.1,12,3,0,65.45
2025-11-29 10:56:42,0,0,42.2,12,3,0,65.45
2025-11-29 10:56:43,2,9,42.6,14,3,0,65.45
2025-11-29 10:56:43,2,9,42.6,11,3,0,65.45
2025-11-29 10:56:43,2,9,42.5,12,3,0,65.45
2025-11-29 10:56:44,7,0,42.6,12,3,0,65.45
2025-11-29 10:56:44,5,7,42.6,12,3,0,65.45
2025-11-29 10:56:44,16,2,42.4,11,3,0,65.45
2025-11-29 10:56:45,2,9,42.5,14,3,0,65.45
2025-11-29 10:56:45,6,1,42.5,12,3,0,65.45
2025-11-29 10:56:46,1,5,42.5,10,3,0,65.45
2025-11-29 10:56:46,4,3,42.5,10,3,0,65.45
2025-11-29 10:56:46,2,9,42.6,13,3,1,65.45
2025-11-29 10:56:47,5,9,42.6,14,3,1,65.34
2025-11-29 10:56:47,2,9,42.6,14,3,1,65.34
2025-11-29 10:56:47,11,4,42.7,14,3,1,65.34
2025-11-29 10:56:48,0,0,42.7,14,3,2,65.34
2025-11-29 10:56:48,1,5,42.7,11,3,2,65.34
2025-11-29 10:56:49,6,0,42.8,12,3,2,65.34
2025-11-29 10:56:49,2,9,42.8,14,3,3,65.34
2025-11-29 10:56:49,1,4,42.8,14,3,3,65.34
2025-11-29 10:56:50,11,6,42.8,12,3,3,65.34
2025-11-29 10:56:50,21,1,42.7,19,3,4,65.34
2025-11-29 10:56:50,7,1,42.6,13,3,4,65.34
2025-11-29 10:56:51,10,0,42.6,10,3,4,65.34
2025-11-29 10:56:51,2,9,42.6,14,3,5,65.34
2025-11-29 10:56:52,2,9,42.6,11,3,4,65.34
2025-11-29 10:56:52,5,9,42.7,13,3,4,65.55
2025-11-29 10:56:52,2,9,42.7,11,3,5,65.55
2025-11-29 10:56:53,7,4,42.6,13,3,5,65.55
2025-11-29 10:56:53,12,5,42.3,14,3,4,65.55
2025-11-29 10:56:53,13,0,42.3,12,3,5,65.55
2025-11-29 10:56:54,21,7,42.0,11,3,5,65.55
2025-11-29 10:56:54,4,3,42.0,10,3,4,65.55
2025-11-29 10:56:54,2,9,42.1,13,3,5,65.55
2025-11-29 10:56:55,11,8,42.2,12,3,4,65.55
2025-11-29 10:56:55,8,8,42.2,13,3,4,65.55
2025-11-29 10:56:56,0,0,42.2,13,3,5,65.55
2025-11-29 10:56:56,14,3,42.3,12,3,4,65.55
2025-11-29 10:56:56,2,9,42.3,12,3,4,65.55
2025-11-29 10:56:57,15,3,42.3,12,3,4,65.51
2025-11-29 10:56:57,7,4,42.3,10,3,4,65.51
2025-11-29 10:56:57,8,8,42.3,13,3,3,65.51
2025-11-29 10:56:58,17,4,42.3,13,3,3,65.51
2025-11-29 10:56:58,1,5,42.3,14,3,2,65.51
2025-11-29 10:56:59,2,9,42.3,10,3,2,65.51
2025-11-29 10:56:59,1,5,42.5,14,3,2,65.51
2025-11-29 10:56:59,1,5,42.4,14,3,1,65.51
2025-11-29 10:57:00,8,8,42.5,12,3,1,65.51
2025-11-29 10:57:00,2,9,42.5,13,3,1,65.51
2025-11-29 10:57:00,30,4,42.2,11,3,0,65.51
2025-11-29 10:57:01,2,9,42.3,14,3,0,65.51
2025-11-29 10:57:01,1,4,42.3,14,3,0,65.51
2025-11-29 10:57:01,2,9,42.3,11,3,0,65.51
2025-11-29 10:57:02,2,9,42.3,14,3,0,65.47
2025-11-29 10:57:02,2,9,42.3,14,3,0,65.47
2025-11-29 10:57:03,1,5,42.3,13,3,0,65.47
2025-11-29 10:57:03,1,5,42.3,14,3,0,65.47
2025-11-29 10:57:03,1,5,42.3,14,3,0,65.47
2025-11-29 10:57:04,5,9,42.3,12,3,0,65.47
2025-11-29 10:57:04,1,5,42.3,14,3,0,65.47
2025-11-29 10:57:04,1,4,42.3,14,3,0,65.47
2025-11-29 10:57:05,1,4,42.3,13,3,0,65.47
2025-11-29 10:57:05,2,9,42.3,14,3,0,65.47
2025-11-29 10:57:06,1,5,42.3,13,3,0,65.47
2025-11-29 10:57:06,2,9,42.3,14,3,0,65.47
2025-11-29 10:57:06,1,4,42.3,14,3,0,65.47
2025-11-29 10:57:07,7,2,42.3,13,3,0,65.43
2025-11-29 10:57:07,1,4,42.4,14,3,0,65.43
2025-11-29 10:57:07,1,5,42.4,14,3,0,65.43
2025-11-29 10:57:08,1,4,42.4,13,3,0,65.43
2025-11-29 10:57:08,3,0,42.4,12,3,0,65.43
2025-11-29 10:57:08,1,5,42.4,13,3,0,65.43
2025-11-29 10:57:09,0,0,42.3,15,3,0,65.43
2025-11-29 10:57:09,1,4,42.3,14,3,0,65.43
2025-11-29 10:57:10,4,3,42.3,13,3,0,65.43
2025-11-29 10:57:10,3,0,41.3,13,3,0,65.43
2025-11-29 10:57:10,5,6,41.3,13,3,0,65.43
2025-11-29 10:57:11,4,3,41.3,13,3,0,65.43
2025-11-29 10:57:11,1,4,41.3,13,3,0,65.43
2025-11-29 10:57:11,1,5,41.3,12,3,0,65.43
2025-11-29 10:57:12,1,5,41.4,14,3,0,65.31
2025-11-29 10:57:12,1,5,41.0,14,3,0,65.31
2025-11-29 10:57:13,1,5,41.0,15,3,0,65.31
2025-11-29 10:57:13,2,9,41.1,14,3,0,65.31
2025-11-29 10:57:13,1,5,41.1,14,3,0,65.31
2025-11-29 10:57:14,5,7,41.1,11,3,0,65.31
2025-11-29 10:57:14,2,9,41.1,14,3,0,65.31
2025-11-29 10:57:14,2,9,41.1,14,3,0,65.31
2025-11-29 10:57:15,4,3,41.1,12,3,0,65.31
2025-11-29 10:57:15,2,9,41.1,14,3,0,65.31
2025-11-29 10:57:16,2,9,41.1,13,3,0,65.31
2025-11-29 10:57:16,2,9,41.1,10,3,0,65.31
2025-11-29 10:57:16,2,9,41.1,13,3,0,65.31
2025-11-29 10:57:17,13,0,41.2,12,3,0,65.31
2025-11-29 10:57:17,1,5,41.2,14,3,0,65.29
2025-11-29 10:57:17,4,3,41.1,14,3,0,65.29
2025-11-29 10:57:18,1,5,41.2,14,3,0,65.29
2025-11-29 10:57:18,2,9,41.2,14,3,0,65.29
2025-11-29 10:57:18,1,5,41.2,14,3,0,65.29
2025-11-29 10:57:19,1,4,41.1,14,3,0,65.29
2025-11-29 10:57:19,2,9,41.2,14,3,0,65.29
2025-11-29 10:57:20,1,4,41.2,13,3,0,65.29
2025-11-29 10:57:20,0,0,41.1,14,3,0,65.29
2025-11-29 10:57:20,0,0,41.1,14,3,0,65.29
2025-11-29 10:57:21,3,0,41.1,12,3,0,65.29
2025-11-29 10:57:21,2,9,41.2,13,3,0,65.29
2025-11-29 10:57:21,1,4,41.2,14,3,0,65.29
2025-11-29 10:57:22,0,0,41.2,14,3,0,65.18
2025-11-29 10:57:22,2,9,41.2,14,3,0,65.18
2025-11-29 10:57:23,2,9,41.2,14,3,0,65.18
2025-11-29 10:57:23,1,5,41.2,12,3,0,65.18
2025-11-29 10:57:23,1,5,41.2,14,3,0,65.18
2025-11-29 10:57:24,5,8,41.2,11,3,0,65.18
2025-11-29 10:57:24,1,4,41.2,14,3,0,65.18
2025-11-29 10:57:24,1,5,41.2,14,3,0,65.18
2025-11-29 10:57:25,2,9,41.3,11,3,0,65.18
2025-11-29 10:57:25,1,4,41.3,14,3,0,65.18
2025-11-29 10:57:25,1,4,41.2,14,3,0,65.18
2025-11-29 10:57:26,1,4,41.2,14,3,0,65.18
2025-11-29 10:57:26,1,5,41.2,11,3,0,65.18
2025-11-29 10:57:27,11,6,41.2,11,3,0,65.18
2025-11-29 10:57:27,1,5,41.3,14,3,0,65.17
2025-11-29 10:57:27,0,0,41.3,14,3,0,65.17
2025-11-29 10:57:28,4,4,41.3,14,3,0,65.17
2025-11-29 10:57:28,1,4,41.3,14,3,0,65.17
2025-11-29 10:57:28,0,0,41.3,14,3,0,65.17
2025-11-29 10:57:29,1,4,41.3,13,3,0,65.17
2025-11-29 10:57:29,1,4,41.3,14,3,0,65.17
2025-11-29 10:57:30,1,4,41.3,12,3,0,65.17
2025-11-29 10:57:30,4,3,41.3,14,3,0,65.17
2025-11-29 10:57:30,23,7,41.0,13,3,0,65.17
2025-11-29 10:57:31,5,8,40.9,13,3,0,65.17
2025-11-29 10:57:31,1,4,40.9,14,3,0,65.17
2025-11-29 10:57:31,2,9,41.0,13,3,0,65.17
2025-11-29 10:57:32,1,4,41.0,12,3,0,65.08
2025-11-29 10:57:32,2,9,40.9,14,3,0,65.08
2025-11-29 10:57:32,5,7,40.9,12,3,0,65.08
2025-11-29 10:57:33,5,8,41.0,12,3,0,65.08
2025-11-29 10:57:33,2,9,41.0,12,3,0,65.08
2025-11-29 10:57:34,7,1,41.0,10,3,0,65.08
2025-11-29 10:57:34,2,9,41.0,12,3,0,65.08
2025-11-29 10:57:34,2,9,41.0,13,3,0,65.08
2025-11-29 10:57:35,5,9,41.0,14,3,0,65.08
2025-11-29 10:57:35,2,9,41.0,14,3,0,65.08
2025-11-29 10:57:35,2,9,41.1,13,3,0,65.08
2025-11-29 10:57:36,1,5,41.0,13,3,0,65.08
2025-11-29 10:57:36,0,0,41.0,14,3,0,65.08
2025-11-29 10:57:37,10,1,41.1,14,3,0,65.08
2025-11-29 10:57:37,1,4,41.0,14,3,0,65.07
2025-11-29 10:57:37,3,0,41.0,13,3,0,65.07
2025-11-29 10:57:38,4,5,41.0,10,3,0,65.07
2025-11-29 10:57:38,1,5,41.0,12,3,0,65.07
2025-11-29 10:57:38,2,9,41.0,14,3,0,65.07
2025-11-29 10:57:39,1,5,41.0,13,3,0,65.07
2025-11-29 10:57:39,1,4,41.0,12,3,0,65.07
2025-11-29 10:57:40,2,9,41.0,14,3,0,65.07
2025-11-29 10:57:40,2,9,41.0,14,3,0,65.07
2025-11-29 10:57:40,2,9,41.0,14,3,0,65.07
2025-11-29 10:57:41,4,3,41.0,11,3,0,65.07
2025-11-29 10:57:41,1,4,41.1,14,3,0,65.07
2025-11-29 10:57:41,1,4,41.0,14,3,0,65.07
2025-11-29 10:57:42,1,5,41.2,14,3,0,64.98
2025-11-29 10:57:42,1,5,41.2,14,3,0,64.98
2025-11-29 10:57:42,2,9,41.2,14,3,0,64.98
2025-11-29 10:57:43,4,3,41.1,12,3,0,64.98
2025-11-29 10:57:43,1,4,41.2,10,3,0,64.98
2025-11-29 10:57:44,2,9,41.2,12,3,0,64.98
2025-11-29 10:57:44,1,4,41.1,14,3,0,64.98
2025-11-29 10:57:44,2,9,41.1,14,3,0,64.98
2025-11-29 10:57:45,6,0,41.2,13,3,0,64.98
2025-11-29 10:57:45,4,3,41.1,10,3,0,64.98
2025-11-29 10:57:45,0,0,41.1,14,3,0,64.98
2025-11-29 10:57:46,2,8,41.1,14,3,0,64.98
2025-11-29 10:57:46,1,4,41.2,13,3,0,64.98
2025-11-29 10:57:46,10,1,41.1,11,3,0,64.98
2025-11-29 10:57:47,2,9,41.1,11,3,0,64.90
2025-11-29 10:57:47,2,9,41.1,14,3,0,64.90
2025-11-29 10:57:48,4,3,41.1,13,3,0,64.90
2025-11-29 10:57:48,0,0,41.2,14,3,0,64.90
2025-11-29 10:57:48,0,0,41.2,14,3,0,64.90
2025-11-29 10:57:49,31,9,41.0,12,3,0,64.90
2025-11-29 10:57:49,2,9,41.1,14,3,0,64.90
2025-11-29 10:57:49,2,9,41.1,14,3,0,64.90
2025-11-29 10:57:50,5,8,41.1,10,3,0,64.90
2025-11-29 10:57:50,5,6,41.1,12,3,0,64.90
2025-11-29 10:57:51,7,2,40.8,13,3,0,64.90
2025-11-29 10:57:51,10,4,40.9,10,3,0,64.90
2025-11-29 10:57:51,1,5,40.9,13,3,0,64.90
2025-11-29 10:57:52,1,5,40.9,14,3,0,64.90
2025-11-29 10:57:52,14,7,40.9,10,3,0,64.91
2025-11-29 10:57:52,1,5,40.9,14,3,0,64.91
2025-11-29 10:57:53,14,7,41.0,14,3,0,64.91
2025-11-29 10:57:53,26,1,39.8,10,3,0,64.91
2025-11-29 10:57:54,4,4,39.2,12,3,0,64.91
2025-11-29 10:57:54,1,4,36.2,13,3,0,64.91
2025-11-29 10:57:54,1,4,33.5,14,3,0,64.91
2025-11-29 10:57:55,2,8,33.5,13,3,0,64.91
2025-11-29 10:57:55,2,9,33.7,14,3,0,64.91
2025-11-29 10:57:55,1,5,33.7,14,3,0,64.91
2025-11-29 10:57:56,1,5,33.7,14,3,0,64.91
2025-11-29 10:57:56,2,9,33.7,14,3,0,64.91
2025-11-29 10:57:56,10,4,33.7,10,3,0,64.91
2025-11-29 10:57:57,1,4,33.7,14,3,0,64.92
2025-11-29 10:57:57,1,5,33.7,12,3,0,64.92
2025-11-29 10:57:58,1,5,33.7,14,3,0,64.92
2025-11-29 10:57:58,2,9,33.7,12,3,0,64.92
2025-11-29 10:57:58,2,9,33.7,11,3,0,64.92
2025-11-29 10:57:59,2,9,33.8,14,3,0,64.92
2025-11-29 10:57:59,1,5,33.7,11,3,0,64.92
2025-11-29 10:57:59,1,5,33.8,13,3,0,64.92
2025-11-29 10:58:00,2,9,33.8,13,3,0,64.92
2025-11-29 10:58:00,1,5,33.8,14,3,0,64.92
2025-11-29 10:58:00,2,9,33.8,14,3,0,64.92
2025-11-29 10:58:01,1,4,33.8,13,3,0,64.92
2025-11-29 10:58:01,0,0,33.8,13,3,0,64.92
2025-11-29 10:58:02,2,9,33.9,14,3,0,64.92
2025-11-29 10:58:02,1,5,33.9,14,3,0,64.93
2025-11-29 10:58:02,2,9,33.9,14,3,0,64.93
2025-11-29 10:58:03,0,0,33.9,11,3,0,64.93
2025-11-29 10:58:03,1,5,33.9,12,3,0,64.93
2025-11-29 10:58:03,1,5,33.9,14,3,0,64.93
2025-11-29 10:58:04,1,4,33.9,14,3,0,64.93
2025-11-29 10:58:04,2,9,33.9,14,3,0,64.93
2025-11-29 10:58:05,2,9,33.9,14,3,0,64.93
2025-11-29 10:58:05,2,9,33.9,10,3,0,64.93
2025-11-29 10:58:05,1,5,33.9,14,3,0,64.93
2025-11-29 10:58:06,0,0,33.9,12,3,0,64.93
2025-11-29 10:58:06,21,3,33.4,10,3,0,64.93
2025-11-29 10:58:06,1,5,33.4,14,3,0,64.93
2025-11-29 10:58:07,1,5,33.4,14,3,0,64.85
2025-11-29 10:58:07,3,0,33.3,14,3,0,64.85
2025-11-29 10:58:07,2,9,33.4,11,3,0,64.85
2025-11-29 10:58:08,1,4,33.3,14,3,0,64.85
2025-11-29 10:58:08,1,4,33.4,14,3,0,64.85
2025-11-29 10:58:09,4,4,33.4,10,3,0,64.85
2025-11-29 10:58:09,1,5,33.4,14,3,0,64.85
2025-11-29 10:58:09,1,5,33.4,14,3,0,64.85
2025-11-29 10:58:10,2,9,33.4,13,3,0,64.85
2025-11-29 10:58:10,1,5,33.4,14,3,0,64.85
2025-11-29 10:58:10,1,5,33.4,13,3,0,64.85
2025-11-29 10:58:11,0,0,31.8,14,3,0,64.85
2025-11-29 10:58:11,1,5,31.8,13,3,0,64.85
2025-11-29 10:58:11,1,5,31.9,12,3,0,64.85
2025-11-29 10:58:12,2,9,31.9,13,3,0,64.78
2025-11-29 10:58:12,1,4,31.9,11,3,0,64.78
2025-11-29 10:58:13,1,5,31.9,12,3,0,64.78
2025-11-29 10:58:13,1,5,31.9,14,3,0,64.78
2025-11-29 10:58:13,2,9,31.9,14,3,0,64.78
2025-11-29 10:58:14,1,5,31.9,13,3,0,64.78
2025-11-29 10:58:14,1,4,31.9,12,3,0,64.78
2025-11-29 10:58:14,2,9,31.9,13,3,0,64.78
2025-11-29 10:58:15,0,0,31.9,12,3,0,64.78
2025-11-29 10:58:15,1,5,31.9,14,3,0,64.78
2025-11-29 10:58:16,2,9,31.9,14,3,0,64.78
2025-11-29 10:58:16,3,0,31.9,14,3,0,64.78
2025-11-29 10:58:16,1,5,31.9,11,3,0,64.78
2025-11-29 10:58:17,8,8,31.9,13,3,0,64.78
2025-11-29 10:58:17,2,9,31.9,14,3,0,64.72
2025-11-29 10:58:17,2,9,31.9,14,3,0,64.72
2025-11-29 10:58:18,2,9,31.9,12,3,0,64.72
2025-11-29 10:58:18,2,9,31.9,14,3,0,64.72
2025-11-29 10:58:18,4,2,31.9,14,3,0,64.72
2025-11-29 10:58:19,1,5,31.9,14,3,0,64.72
2025-11-29 10:58:19,1,4,32.0,14,3,0,64.72
2025-11-29 10:58:20,1,4,32.0,11,3,0,64.72
2025-11-29 10:58:20,2,9,32.0,13,3,0,64.72
2025-11-29 10:58:20,1,5,32.0,14,3,0,64.72
2025-11-29 10:58:21,2,9,32.0,14,3,0,64.72
2025-11-29 10:58:21,2,9,32.1,14,3,0,64.72
2025-11-29 10:58:21,1,5,32.1,12,3,0,64.72
2025-11-29 10:58:22,2,9,32.0,14,3,0,64.42
2025-11-29 10:58:22,1,4,32.1,14,3,0,64.42
2025-11-29 10:58:22,2,9,32.1,12,3,0,64.42
2025-11-29 10:58:23,1,5,32.0,14,3,0,64.42
2025-11-29 10:58:23,0,0,32.1,13,3,0,64.42
2025-11-29 10:58:24,25,0,31.9,12,3,0,64.42
2025-11-29 10:58:24,1,5,31.9,12,3,0,64.42
2025-11-29 10:58:24,0,0,31.9,11,3,0,64.42
2025-11-29 10:58:25,1,5,31.9,13,3,0,64.42
2025-11-29 10:58:25,1,4,31.9,12,3,0,64.42
2025-11-29 10:58:25,1,5,31.9,14,3,0,64.42
2025-11-29 10:58:26,2,9,31.9,13,3,0,64.42
2025-11-29 10:58:26,2,9,31.9,13,3,0,64.42
2025-11-29 10:58:27,8,8,31.9,10,3,0,64.42
2025-11-29 10:58:27,0,0,31.9,14,3,0,64.07
2025-11-29 10:58:27,1,4,31.9,14,3,0,64.07
2025-11-29 10:58:28,2,8,31.9,14,3,0,64.07
2025-11-29 10:58:28,2,9,31.9,14,3,0,64.07
2025-11-29 10:58:28,1,5,31.9,14,3,0,64.07
2025-11-29 10:58:29,4,3,31.9,14,3,0,64.07
2025-11-29 10:58:29,1,5,31.9,12,3,0,64.07
2025-11-29 10:58:29,4,3,31.9,14,3,0,64.07
2025-11-29 10:58:30,1,4,32.0,14,3,0,64.07
2025-11-29 10:58:30,0,0,31.9,14,3,0,64.07
2025-11-29 10:58:31,2,9,32.0,14,3,0,64.07
2025-11-29 10:58:31,2,9,32.0,14,3,0,64.07
2025-11-29 10:58:31,1,4,32.0,14,3,0,64.07
2025-11-29 10:58:32,1,5,32.0,14,3,0,64.07
2025-11-29 10:58:32,2,9,32.0,13,3,0,63.50
2025-11-29 10:58:32,1,4,32.0,10,3,0,63.50
2025-11-29 10:58:33,1,4,32.0,14,3,0,63.50
2025-11-29 10:58:33,2,9,32.1,12,3,0,63.50
2025-11-29 10:58:33,4,3,32.1,14,3,0,63.50
2025-11-29 10:58:34,1,5,32.1,14,3,0,63.50
2025-11-29 10:58:34,2,9,32.1,10,3,0,63.50
2025-11-29 10:58:35,2,9,32.1,10,3,0,63.50
2025-11-29 10:58:35,1,5,32.1,14,3,0,63.50
2025-11-29 10:58:35,1,5,32.1,14,3,0,63.50
2025-11-29 10:58:36,1,5,32.1,12,3,0,63.50
2025-11-29 10:58:36,4,3,32.1,14,3,0,63.50
2025-11-29 10:58:36,1,5,32.1,10,3,0,63.50
2025-11-29 10:58:37,1,5,32.1,14,3,0,62.74
2025-11-29 10:58:37,2,9,32.1,11,3,0,62.74
2025-11-29 10:58:37,0,0,32.1,14,3,0,62.74
2025-11-29 10:58:38,2,9,32.1,13,3,0,62.74
2025-11-29 10:58:38,1,5,32.1,13,3,0,62.74
2025-11-29 10:58:39,4,3,32.1,10,3,0,62.74
2025-11-29 10:58:39,1,5,32.1,14,3,0,62.74
2025-11-29 10:58:39,1,5,32.1,12,3,0,62.74
2025-11-29 10:58:40,6,0,32.1,13,3,0,62.74
2025-11-29 10:58:40,1,5,32.1,10,3,0,62.74
2025-11-29 10:58:40,1,4,32.1,14,3,0,62.74
2025-11-29 10:58:41,1,4,32.1,14,3,0,62.74
2025-11-29 10:58:41,23,1,32.0,13,3,0,62.74
2025-11-29 10:58:42,1,4,32.0,13,3,0,62.74
2025-11-29 10:58:42,1,5,32.0,14,3,0,61.80
2025-11-29 10:58:42,1,5,31.9,14,3,0,61.80
2025-11-29 10:58:43,1,5,31.9,12,3,0,61.80
2025-11-29 10:58:43,1,4,31.9,11,3,0,61.80
2025-11-29 10:58:43,1,5,31.9,14,3,0,61.80
2025-11-29 10:58:44,2,9,32.0,13,3,0,61.80
2025-11-29 10:58:44,1,5,32.0,10,3,0,61.80
2025-11-29 10:58:44,0,0,32.0,13,3,0,61.80
2025-11-29 10:58:45,5,9,32.0,13,3,0,61.80
2025-11-29 10:58:45,1,4,32.0,13,3,0,61.80
2025-11-29 10:58:46,1,4,31.9,14,3,0,61.80
2025-11-29 10:58:46,1,4,32.0,14,3,0,61.80
2025-11-29 10:58:46,2,9,32.0,14,3,0,61.80
2025-11-29 10:58:47,2,9,32.0,14,3,0,61.80
2025-11-29 10:58:47,1,5,32.0,14,3,0,60.77
2025-11-29 10:58:47,2,9,32.0,11,3,0,60.77
2025-11-29 10:58:48,1,5,32.0,12,3,0,60.77
2025-11-29 10:58:48,1,4,32.0,14,3,0,60.77
2025-11-29 10:58:48,3,0,32.0,14,3,0,60.77
2025-11-29 10:58:49,1,5,32.0,13,3,0,60.77
2025-11-29 10:58:49,1,4,32.0,14,3,0,60.77
2025-11-29 10:58:50,1,5,32.0,12,3,0,60.77
2025-11-29 10:58:50,2,9,32.1,14,3,0,60.77
2025-11-29 10:58:50,1,4,32.1,12,3,0,60.77
2025-11-29 10:58:51,1,5,32.1,12,3,0,60.77
2025-11-29 10:58:51,2,9,32.1,14,3,0,60.77
2025-11-29 10:58:51,1,5,32.1,14,3,0,60.77
2025-11-29 10:58:52,4,3,32.1,14,3,0,59.75
2025-11-29 10:58:52,2,9,32.2,13,3,0,59.75
2025-11-29 10:58:53,1,4,32.1,14,3,0,59.75
2025-11-29 10:58:53,0,0,32.1,14,3,0,59.75
2025-11-29 10:58:53,0,0,32.1,12,3,0,59.75
2025-11-29 10:58:54,4,4,32.2,10,3,0,59.75
2025-11-29 10:58:54,1,5,32.2,14,3,0,59.75
2025-11-29 10:58:54,2,9,32.2,14,3,0,59.75
2025-11-29 10:58:55,3,0,32.2,11,3,0,59.75
2025-11-29 10:58:55,1,5,32.2,14,3,0,59.75
2025-11-29 10:58:55,1,4,32.2,14,3,0,59.75
2025-11-29 10:58:56,4,3,32.2,13,3,0,59.75
2025-11-29 10:58:56,1,5,32.2,14,3,0,59.75
2025-11-29 10:58:57,8,8,32.2,14,3,0,59.75
2025-11-29 10:58:57,1,4,32.2,14,3,0,58.81
2025-11-29 10:58:57,1,5,32.2,13,3,0,58.81
2025-11-29 10:58:58,1,5,32.2,14,3,0,58.81
2025-11-29 10:58:58,1,5,32.2,12,3,0,58.81
2025-11-29 10:58:58,1,5,32.2,14,3,0,58.81
2025-11-29 10:58:59,28,4,32.1,10,3,0,58.81
2025-11-29 10:58:59,1,5,32.1,14,3,0,58.81
2025-11-29 10:58:59,1,5,32.1,14,3,0,58.81
2025-11-29 10:59:00,1,4,32.1,13,3,0,58.81
2025-11-29 10:59:00,0,0,32.0,14,3,0,58.81
2025-11-29 10:59:01,1,5,32.0,14,3,0,58.81
2025-11-29 10:59:01,1,4,32.0,14,3,0,58.81
2025-11-29 10:59:01,2,9,32.0,14,3,0,58.81
2025-11-29 10:59:02,2,9,32.1,14,3,0,57.86
2025-11-29 10:59:02,1,5,32.1,14,3,0,57.86
2025-11-29 10:59:02,2,9,32.1,10,3,0,57.86
2025-11-29 10:59:03,0,0,32.1,12,3,0,57.86
2025-11-29 10:59:03,2,9,32.1,11,3,0,57.86
2025-11-29 10:59:04,1,5,32.1,11,3,0,57.86
2025-11-29 10:59:04,4,3,32.2,12,3,0,57.86
2025-11-29 10:59:04,1,5,32.2,10,3,0,57.86
2025-11-29 10:59:05,2,9,32.2,13,3,0,57.86
2025-11-29 10:59:05,2,9,32.2,14,3,0,57.86
2025-11-29 10:59:05,2,9,32.2,13,3,0,57.86
2025-11-29 10:59:06,1,5,32.3,14,3,0,57.86
2025-11-29 10:59:06,2,9,32.4,14,3,0,57.86
2025-11-29 10:59:06,5,6,32.4,10,3,0,57.86
2025-11-29 10:59:07,2,9,32.4,14,3,0,56.75
2025-11-29 10:59:07,1,5,32.4,12,3,0,56.75
2025-11-29 10:59:08,1,5,32.5,14,3,0,56.75
2025-11-29 10:59:08,1,4,32.5,12,3,1,56.75
2025-11-29 10:59:08,1,5,32.5,14,3,1,56.75
2025-11-29 10:59:09,5,8,32.5,10,3,1,56.75
2025-11-29 10:59:09,1,4,32.5,13,3,1,56.75
2025-11-29 10:59:09,1,5,32.4,11,3,1,56.75
2025-11-29 10:59:10,1,5,32.5,14,3,1,56.75
2025-11-29 10:59:10,1,5,32.5,12,3,1,56.75
2025-11-29 10:59:10,1,5,32.5,14,3,1,56.75
2025-11-29 10:59:11,1,5,32.5,14,3,1,56.75
2025-11-29 10:59:11,1,5,32.5,14,3,1,56.75
2025-11-29 10:59:12,1,4,32.5,14,3,1,56.75
2025-11-29 10:59:12,2,9,32.5,14,3,2,55.41
2025-11-29 10:59:12,0,0,32.5,12,3,2,55.41
2025-11-29 10:59:13,2,9,32.5,13,3,1,55.41
2025-11-29 10:59:13,4,4,32.5,14,3,1,55.41
2025-11-29 10:59:13,1,5,32.6,14,3,1,55.41
2025-11-29 10:59:14,2,9,32.7,14,3,1,55.41
2025-11-29 10:59:14,1,5,32.7,14,3,1,55.41
2025-11-29 10:59:15,3,0,32.8,14,3,1,55.41
2025-11-29 10:59:15,1,4,32.8,12,3,1,55.41
2025-11-29 10:59:15,2,9,32.8,14,3,1,55.41
2025-11-29 10:59:16,3,0,32.8,12,3,1,55.41
2025-11-29 10:59:16,1,5,32.9,13,3,1,55.41
2025-11-29 10:59:16,2,9,32.9,14,3,1,55.41
2025-11-29 10:59:17,1,5,32.9,14,3,1,53.86
2025-11-29 10:59:17,21,3,32.8,13,3,0,53.86
2025-11-29 10:59:17,1,5,32.8,14,3,0,53.86
2025-11-29 10:59:18,1,5,32.8,14,3,0,53.86
2025-11-29 10:59:18,2,9,32.8,12,3,0,53.86
2025-11-29 10:59:19,5,8,32.8,10,3,0,53.86
2025-11-29 10:59:19,1,4,32.8,14,3,0,53.86
2025-11-29 10:59:19,1,5,32.8,14,3,0,53.86
2025-11-29 10:59:20,2,9,32.8,14,3,0,53.86
2025-11-29 10:59:20,3,0,32.8,12,3,0,53.86
2025-11-29 10:59:20,2,9,32.8,10,3,0,53.86
2025-11-29 10:59:21,1,5,32.8,14,3,0,53.86
2025-11-29 10:59:21,2,9,32.8,14,3,0,53.86
2025-11-29 10:59:22,1,5,32.8,14,3,0,53.86
2025-11-29 10:59:22,1,4,32.9,14,3,0,52.11
2025-11-29 10:59:22,1,5,32.8,14,3,0,52.11
2025-11-29 10:59:23,1,5,32.8,14,3,0,52.11
2025-11-29 10:59:23,2,9,32.8,14,3,0,52.11
2025-11-29 10:59:23,1,4,32.8,14,3,0,52.11
2025-11-29 10:59:24,2,9,32.9,13,3,0,52.11
2025-11-29 10:59:24,1,5,32.8,14,3,0,52.11
2025-11-29 10:59:24,2,9,32.8,12,3,0,52.11
2025-11-29 10:59:25,4,3,32.8,14,3,0,52.11
2025-11-29 10:59:25,2,9,32.8,14,3,0,52.11
2025-11-29 10:59:26,4,3,32.8,10,3,0,52.11
2025-11-29 10:59:26,1,5,32.9,14,3,0,52.11
2025-11-29 10:59:26,1,4,32.9,14,3,0,52.11
2025-11-29 10:59:27,5,8,32.9,13,3,0,52.11
2025-11-29 10:59:27,1,5,32.9,14,3,0,50.66
2025-11-29 10:59:27,1,5,32.9,14,3,0,50.66
2025-11-29 10:59:28,2,9,32.9,13,3,0,50.66
2025-11-29 10:59:28,1,5,32.9,14,3,0,50.66
2025-11-29 10:59:28,1,5,32.9,14,3,0,50.66
2025-11-29 10:59:29,1,4,32.8,14,3,0,50.66
2025-11-29 10:59:29,2,9,32.8,14,3,0,50.66
2025-11-29 10:59:30,2,9,32.9,13,3,0,50.66
2025-11-29 10:59:30,2,9,32.9,10,3,0,50.66
2025-11-29 10:59:30,2,9,32.9,14,3,0,50.66
2025-11-29 10:59:31,1,4,32.9,14,3,0,50.66
2025-11-29 10:59:31,0,0,32.9,14,3,0,50.66
2025-11-29 10:59:31,2,9,32.9,14,3,0,50.66
2025-11-29 10:59:32,2,9,32.9,12,3,0,49.16
2025-11-29 10:59:32,0,0,32.9,10,3,0,49.16
2025-11-29 10:59:33,2,9,32.9,14,3,0,49.16
2025-11-29 10:59:33,2,9,32.9,14,3,0,49.16
2025-11-29 10:59:33,1,5,32.9,12,3,0,49.16
2025-11-29 10:59:34,4,5,32.9,10,3,0,49.16
2025-11-29 10:59:34,1,5,32.9,14,3,0,49.16
2025-11-29 10:59:34,2,9,32.9,14,3,0,49.16
2025-11-29 10:59:35,4,3,33.0,13,3,0,49.16
2025-11-29 10:59:35,0,0,32.9,14,3,0,49.16
2025-11-29 10:59:35,25,3,32.8,13,3,0,49.16
2025-11-29 10:59:36,2,9,32.8,11,3,0,49.16
2025-11-29 10:59:36,2,9,32.8,14,3,0,49.16
2025-11-29 10:59:37,11,6,32.8,14,3,0,49.16
2025-11-29 10:59:37,2,9,32.8,14,3,0,47.79
2025-11-29 10:59:37,1,5,32.8,11,3,0,47.79
2025-11-29 10:59:38,2,9,32.8,14,3,0,47.79
2025-11-29 10:59:38,0,0,32.8,14,3,0,47.79
2025-11-29 10:59:38,1,4,32.8,12,3,0,47.79
2025-11-29 10:59:39,1,5,32.9,13,3,0,47.79
2025-11-29 10:59:39,1,5,32.9,14,3,0,47.79
2025-11-29 10:59:39,1,5,32.9,13,3,0,47.79
2025-11-29 10:59:40,1,5,32.9,10,3,0,47.79
2025-11-29 10:59:40,1,4,32.8,12,3,0,47.79
2025-11-29 10:59:41,4,3,32.9,13,3,0,47.79
2025-11-29 10:59:41,0,0,32.9,13,3,0,47.79
2025-11-29 10:59:41,1,5,32.9,14,3,0,47.79
2025-11-29 10:59:42,4,3,32.9,14,3,0,47.79
2025-11-29 10:59:42,2,9,32.9,14,3,0,46.76
2025-11-29 10:59:42,0,0,32.9,12,3,0,46.76
2025-11-29 10:59:43,4,3,32.9,14,3,0,46.76
2025-11-29 10:59:43,1,4,32.9,11,3,0,46.76
2025-11-29 10:59:44,1,5,32.9,13,3,0,46.76
2025-11-29 10:59:44,1,5,32.9,14,3,0,46.76
2025-11-29 10:59:44,2,9,32.9,14,3,0,46.76
2025-11-29 10:59:45,4,5,32.9,13,3,0,46.76
2025-11-29 10:59:45,2,9,32.9,12,3,0,46.76
2025-11-29 10:59:45,2,9,32.9,12,3,0,46.76
2025-11-29 10:59:46,1,4,32.9,14,3,0,46.76
2025-11-29 10:59:46,0,0,32.9,14,3,0,46.76
2025-11-29 10:59:46,3,0,32.9,11,3,0,46.76
2025-11-29 10:59:47,1,5,32.9,14,3,0,45.58
2025-11-29 10:59:47,2,9,33.0,14,3,0,45.58
2025-11-29 10:59:48,1,4,33.0,12,3,0,45.58
2025-11-29 10:59:48,7,1,33.0,14,3,0,45.58
2025-11-29 10:59:48,0,0,33.0,14,3,0,45.58
2025-11-29 10:59:49,5,9,33.0,12,3,0,45.58
2025-11-29 10:59:49,4,3,32.9,13,3,0,45.58
2025-11-29 10:59:49,1,5,32.9,10,3,0,45.58
2025-11-29 10:59:50,1,5,32.9,14,3,0,45.58
2025-11-29 10:59:50,0,0,32.9,14,3,0,45.58
2025-11-29 10:59:50,2,9,32.9,13,3,0,45.58
2025-11-29 10:59:51,4,2,33.0,13,3,0,45.58
2025-11-29 10:59:51,4,2,33.0,14,3,0,45.58
2025-11-29 10:59:52,2,9,33.0,14,3,0,45.58
2025-11-29 10:59:52,1,4,33.0,14,3,0,44.57
2025-11-29 10:59:52,0,0,33.0,12,3,0,44.57
2025-11-29 10:59:53,2,9,33.0,13,3,0,44.57
2025-11-29 10:59:53,2,9,33.0,11,3,0,44.57
2025-11-29 10:59:53,2,9,32.9,13,3,0,44.57
2025-11-29 10:59:54,26,0,32.8,10,3,0,44.57
2025-11-29 10:59:54,0,0,32.8,13,3,0,44.57
2025-11-29 10:59:55,2,9,32.9,14,3,0,44.57
2025-11-29 10:59:55,1,4,32.9,14,3,0,44.57
2025-11-29 10:59:55,1,4,32.9,14,3,0,44.57
2025-11-29 10:59:56,0,0,32.8,14,3,0,44.57
2025-11-29 10:59:56,2,9,32.8,14,3,0,44.57
2025-11-29 10:59:56,2,9,32.9,14,3,0,44.57
2025-11-29 10:59:57,1,5,32.9,14,3,0,44.57
2025-11-29 10:59:57,1,5,32.9,14,3,0,43.57
2025-11-29 10:59:57,2,9,32.9,14,3,0,43.57
2025-11-29 10:59:58,1,5,32.9,12,3,0,43.57
2025-11-29 10:59:58,1,5,32.9,14,3,0,43.57
2025-11-29 10:59:59,2,9,32.9,11,3,0,43.57
2025-11-29 10:59:59,2,9,32.9,14,3,0,43.57
2025-11-29 10:59:59,0,0,32.9,12,3,0,43.57
2025-11-29 11:00:00,1,5,32.9,13,3,0,43.57
2025-11-29 11:00:00,1,5,32.9,14,3,0,43.57
2025-11-29 11:00:00,0,0,32.9,14,3,0,43.57
2025-11-29 11:00:01,1,4,32.9,14,3,0,43.57
2025-11-29 11:00:01,2,9,32.9,12,3,0,43.57
2025-11-29 11:00:01,2,9,33.0,13,3,0,43.57
2025-11-29 11:00:02,5,6,33.0,14,3,0,41.92
2025-11-29 11:00:02,1,5,33.0,10,3,0,41.92
2025-11-29 11:00:03,2,9,33.0,10,3,0,41.92
2025-11-29 11:00:03,4,3,32.9,11,3,0,41.92
2025-11-29 11:00:03,1,4,32.9,12,3,0,41.92
2025-11-29 11:00:04,6,1,32.9,11,3,0,41.92
2025-11-29 11:00:04,2,9,32.9,12,3,0,41.92
2025-11-29 11:00:04,0,0,32.9,12,3,0,41.92
2025-11-29 11:00:05,1,4,32.9,14,3,0,41.92
2025-11-29 11:00:05,1,5,32.9,11,3,1,41.92
2025-11-29 11:00:05,2,9,32.9,13,3,1,41.92
2025-11-29 11:00:06,1,5,32.9,14,3,1,41.92
2025-11-29 11:00:06,2,9,32.9,12,3,1,41.92
2025-11-29 11:00:07,8,7,32.9,14,3,1,41.92
2025-11-29 11:00:07,2,9,33.0,14,3,1,39.36
2025-11-29 11:00:07,1,5,33.1,14,3,1,39.36
2025-11-29 11:00:08,1,5,33.0,14,3,1,39.36
2025-11-29 11:00:08,2,9,33.0,14,3,1,39.36
2025-11-29 11:00:08,1,5,33.0,14,3,1,39.36
2025-11-29 11:00:09,1,5,33.0,14,3,1,39.36
2025-11-29 11:00:09,0,0,33.0,13,3,1,39.36
2025-11-29 11:00:10,1,5,33.0,14,3,1,39.36
2025-11-29 11:00:10,1,4,33.1,14,3,1,39.36
2025-11-29 11:00:10,2,9,33.1,14,3,0,39.36
2025-11-29 11:00:11,1,4,33.1,14,3,0,39.36
2025-11-29 11:00:11,2,9,33.1,14,3,0,39.36
2025-11-29 11:00:11,1,5,33.1,13,3,0,39.36
2025-11-29 11:00:12,1,4,33.2,14,3,0,39.36
2025-11-29 11:00:12,1,4,33.1,14,3,0,36.53
2025-11-29 11:00:12,26,8,33.1,13,3,0,36.53
2025-11-29 11:00:13,1,5,33.1,14,3,0,36.53
2025-11-29 11:00:13,1,4,33.1,14,3,0,36.53
2025-11-29 11:00:14,4,3,33.1,10,3,0,36.53
2025-11-29 11:00:14,0,0,33.1,12,3,0,36.53
2025-11-29 11:00:14,0,0,33.1,14,3,0,36.53
2025-11-29 11:00:15,2,9,33.0,14,3,0,36.53
2025-11-29 11:00:15,1,4,33.0,14,3,0,36.53
2025-11-29 11:00:15,0,0,33.0,11,3,0,36.53
2025-11-29 11:00:16,0,0,33.1,13,3,0,36.53
2025-11-29 11:00:16,1,4,33.1,14,3,0,36.53
2025-11-29 11:00:16,7,2,33.1,14,3,0,36.53
2025-11-29 11:00:17,2,9,33.1,14,3,0,33.60
2025-11-29 11:00:17,2,9,33.1,10,3,0,33.60
2025-11-29 11:00:18,1,4,33.1,14,3,0,33.60
2025-11-29 11:00:18,1,4,33.1,14,3,0,33.60
2025-11-29 11:00:18,1,4,33.1,14,3,0,33.60
2025-11-29 11:00:19,4,4,33.1,13,3,0,33.60
2025-11-29 11:00:19,1,4,33.1,12,3,0,33.60
2025-11-29 11:00:19,1,4,33.0,14,3,0,33.60
2025-11-29 11:00:20,2,9,33.0,14,3,0,33.60
2025-11-29 11:00:20,2,9,33.0,14,3,0,33.60
2025-11-29 11:00:21,1,4,33.0,14,3,0,33.60
2025-11-29 11:00:21,1,4,33.0,14,3,0,33.60
2025-11-29 11:00:21,1,4,33.0,12,3,0,33.60
2025-11-29 11:00:22,0,0,33.0,14,3,0,33.60
2025-11-29 11:00:22,1,5,33.0,14,3,0,30.99
2025-11-29 11:00:22,1,4,33.0,14,3,0,30.99
2025-11-29 11:00:23,2,9,33.0,14,3,0,30.99
2025-11-29 11:00:23,1,4,33.0,11,3,0,30.99
2025-11-29 11:00:23,2,9,33.0,14,3,0,30.99
2025-11-29 11:00:24,1,5,33.0,13,3,0,30.99
2025-11-29 11:00:24,2,9,33.0,14,3,0,30.99
2025-11-29 11:00:25,5,8,33.0,13,3,0,30.99
2025-11-29 11:00:25,1,4,33.1,12,3,1,30.99
2025-11-29 11:00:25,1,4,33.1,14,3,1,30.99
2025-11-29 11:00:26,4,3,33.1,12,3,1,30.99
2025-11-29 11:00:26,1,4,33.1,13,3,1,30.99
2025-11-29 11:00:26,4,2,33.0,10,3,1,30.99
2025-11-29 11:00:27,1,4,33.0,10,3,1,28.59
2025-11-29 11:00:27,1,5,33.1,13,3,1,28.59
2025-11-29 11:00:28,1,5,33.0,11,3,1,28.59
2025-11-29 11:00:28,1,4,33.0,14,3,1,28.59
2025-11-29 11:00:28,1,5,33.1,14,3,1,28.59
2025-11-29 11:00:29,2,9,33.1,10,3,1,28.59
2025-11-29 11:00:29,1,5,33.1,14,3,1,28.59
2025-11-29 11:00:29,0,0,33.2,14,3,1,28.59
2025-11-29 11:00:30,3,0,33.2,12,3,1,28.59
2025-11-29 11:00:30,1,4,33.2,14,3,0,28.59
2025-11-29 11:00:30,2,8,33.2,14,3,0,28.59
2025-11-29 11:00:31,22,7,33.1,13,3,0,28.59
2025-11-29 11:00:31,0,0,33.1,14,3,0,28.59
2025-11-29 11:00:32,1,4,33.1,14,3,0,28.59
2025-11-29 11:00:32,1,4,33.1,13,3,0,26.30
2025-11-29 11:00:32,1,4,33.1,13,3,0,26.30
2025-11-29 11:00:33,2,9,33.1,14,3,0,26.30
2025-11-29 11:00:33,1,5,33.0,14,3,0,26.30
2025-11-29 11:00:33,1,5,33.0,13,3,0,26.30
2025-11-29 11:00:34,0,0,33.0,14,3,0,26.30
2025-11-29 11:00:34,0,0,33.0,14,3,0,26.30
2025-11-29 11:00:35,0,0,33.0,14,3,0,26.30
2025-11-29 11:00:35,1,4,33.0,14,3,0,26.30
2025-11-29 11:00:35,0,0,33.0,14,3,0,26.30
2025-11-29 11:00:36,2,9,33.0,14,3,0,26.30
2025-11-29 11:00:36,1,5,33.0,14,3,0,26.30
2025-11-29 11:00:36,0,0,33.0,14,3,0,26.30
2025-11-29 11:00:37,1,4,33.0,14,3,0,26.30
2025-11-29 11:00:37,2,9,33.0,13,3,0,24.28
2025-11-29 11:00:37,2,9,33.0,14,3,0,24.28
2025-11-29 11:00:38,1,4,33.0,14,3,0,24.28
2025-11-29 11:00:38,2,8,33.0,14,3,0,24.28
2025-11-29 11:00:39,4,3,33.0,10,3,0,24.28
2025-11-29 11:00:39,1,4,33.0,12,3,0,24.28
2025-11-29 11:00:39,2,8,33.0,14,3,0,24.28
2025-11-29 11:00:40,1,4,33.0,13,3,0,24.28
2025-11-29 11:00:40,4,3,33.0,14,3,0,24.28
2025-11-29 11:00:40,1,4,33.0,14,3,0,24.28
2025-11-29 11:00:41,2,9,33.0,14,3,0,24.28
2025-11-29 11:00:41,2,9,33.0,12,3,0,24.28
2025-11-29 11:00:42,2,9,33.0,14,3,0,24.28
2025-11-29 11:00:42,1,5,33.0,13,3,0,22.33
2025-11-29 11:00:42,3,0,33.0,14,3,0,22.33
2025-11-29 11:00:43,2,9,33.1,14,3,0,22.33
2025-11-29 11:00:43,1,5,33.0,14,3,0,22.33
2025-11-29 11:00:43,1,4,33.0,14,3,0,22.33
2025-11-29 11:00:44,2,9,33.1,14,3,0,22.33
2025-11-29 11:00:44,1,4,33.1,14,3,0,22.33
2025-11-29 11:00:44,1,5,33.1,13,3,0,22.33
2025-11-29 11:00:45,1,5,33.1,12,3,0,22.33
2025-11-29 11:00:45,2,9,33.1,14,3,0,22.33
2025-11-29 11:00:46,0,0,33.2,14,3,0,22.33
2025-11-29 11:00:46,1,4,33.2,14,3,0,22.33
2025-11-29 11:00:46,0,0,33.2,12,3,0,22.33
2025-11-29 11:00:47,4,3,33.3,14,3,0,22.33
2025-11-29 11:00:47,1,4,33.2,14,3,0,20.62
2025-11-29 11:00:47,0,0,33.3,12,3,0,20.62
2025-11-29 11:00:48,1,5,33.3,14,3,0,20.62
2025-11-29 11:00:48,2,9,33.2,14,3,0,20.62
2025-11-29 11:00:48,1,5,33.2,12,3,0,20.62
2025-11-29 11:00:49,71,0,33.2,10,3,0,20.62
2025-11-29 11:00:49,2,9,33.2,12,3,0,20.62
2025-11-29 11:00:50,1,4,33.2,13,3,0,20.62
2025-11-29 11:00:50,2,9,33.2,14,3,0,20.62
2025-11-29 11:00:50,1,4,33.2,14,3,0,20.62
2025-11-29 11:00:51,2,9,33.2,14,3,0,20.62
2025-11-29 11:00:51,1,4,33.2,14,3,0,20.62
2025-11-29 11:00:51,0,0,33.2,13,3,0,20.62
2025-11-29 11:00:52,1,4,33.2,14,3,0,19.13
2025-11-29 11:00:52,1,4,33.2,14,3,0,19.13
2025-11-29 11:00:53,0,0,33.1,14,3,0,19.13
2025-11-29 11:00:53,1,4,33.2,11,3,0,19.13
2025-11-29 11:00:53,1,4,33.2,14,3,0,19.13
2025-11-29 11:00:54,3,0,33.2,11,3,0,19.13
2025-11-29 11:00:54,0,0,33.2,14,3,0,19.13
2025-11-29 11:00:54,1,5,33.2,14,3,0,19.13
2025-11-29 11:00:55,3,0,33.2,14,3,0,19.13
2025-11-29 11:00:55,0,0,33.3,10,3,0,19.13
2025-11-29 11:00:55,2,9,33.3,13,3,0,19.13
2025-11-29 11:00:56,1,4,33.3,14,3,0,19.13
2025-11-29 11:00:56,1,5,33.3,12,3,0,19.13
2025-11-29 11:00:57,8,7,33.3,11,3,0,19.13
2025-11-29 11:00:57,4,3,33.3,14,3,1,17.60
2025-11-29 11:00:57,0,0,33.3,14,3,1,17.60
2025-11-29 11:00:58,8,6,33.3,12,3,1,17.60
2025-11-29 11:00:58,2,9,33.2,14,3,1,17.60
2025-11-29 11:00:58,2,9,33.3,14,3,2,17.60
2025-11-29 11:00:59,1,5,33.3,14,3,2,17.60
2025-11-29 11:00:59,2,9,33.3,14,3,3,17.60
2025-11-29 11:01:00,1,4,33.2,12,3,3,17.60
2025-11-29 11:01:00,4,3,33.2,13,3,3,17.60
2025-11-29 11:01:00,1,4,33.2,11,3,4,17.60
2025-11-29 11:01:01,1,5,33.2,13,3,4,17.60
2025-11-29 11:01:01,5,9,33.2,13,3,4,17.60
2025-11-29 11:01:01,2,9,33.2,14,3,5,17.60
2025-11-29 11:01:02,1,4,33.2,13,3,4,17.60
2025-11-29 11:01:02,2,9,33.2,12,3,4,16.35
2025-11-29 11:01:02,0,0,33.2,12,3,4,16.35
2025-11-29 11:01:03,1,4,33.3,13,3,4,16.35
2025-11-29 11:01:03,1,4,33.2,14,3,3,16.35
2025-11-29 11:01:04,2,9,33.3,12,3,3,16.35
2025-11-29 11:01:04,0,0,33.3,14,3,2,16.35
2025-11-29 11:01:04,2,9,33.2,14,3,2,16.35
2025-11-29 11:01:05,2,9,33.2,13,3,2,16.35
2025-11-29 11:01:05,2,9,33.2,14,3,1,16.35
2025-11-29 11:01:05,1,4,33.3,14,3,1,16.35
2025-11-29 11:01:06,2,9,33.3,14,3,1,16.35
2025-11-29 11:01:06,1,5,33.3,14,3,1,16.35
2025-11-29 11:01:06,8,8,33.3,11,3,0,16.35
2025-11-29 11:01:07,2,9,33.4,14,3,0,15.12
2025-11-29 11:01:07,21,1,33.3,13,3,0,15.12
2025-11-29 11:01:08,1,5,33.3,14,3,0,15.12
2025-11-29 11:01:08,2,9,33.3,14,3,0,15.12
2025-11-29 11:01:08,1,4,33.3,14,3,0,15.12
2025-11-29 11:01:09,4,3,33.3,13,3,0,15.12
2025-11-29 11:01:09,4,3,33.3,12,3,0,15.12
2025-11-29 11:01:09,2,9,33.3,12,3,0,15.12
2025-11-29 11:01:10,2,9,33.3,10,3,0,15.12
2025-11-29 11:01:10,0,0,33.3,14,3,0,15.12
2025-11-29 11:01:11,0,0,33.3,14,3,0,15.12
2025-11-29 11:01:11,0,0,33.3,12,3,0,15.12
2025-11-29 11:01:11,1,5,33.3,13,3,0,15.12
2025-11-29 11:01:12,1,5,33.3,14,3,0,15.12
2025-11-29 11:01:12,0,0,33.3,14,3,0,13.91
2025-11-29 11:01:12,1,4,33.3,14,3,0,13.91
2025-11-29 11:01:13,1,4,33.3,14,3,0,13.91
2025-11-29 11:01:13,1,4,33.3,12,3,0,13.91
2025-11-29 11:01:13,2,9,33.3,14,3,0,13.91
2025-11-29 11:01:14,1,4,33.3,11,3,0,13.91
2025-11-29 11:01:14,1,5,33.3,14,3,0,13.91
2025-11-29 11:01:15,1,5,33.3,14,3,0,13.91
2025-11-29 11:01:15,0,0,33.3,14,3,0,13.91
2025-11-29 11:01:15,2,9,33.3,14,3,0,13.91
2025-11-29 11:01:16,0,0,33.3,14,3,0,13.91
2025-11-29 11:01:16,1,5,33.3,14,3,0,13.91
2025-11-29 11:01:16,2,9,33.3,14,3,0,13.91
2025-11-29 11:01:17,1,4,33.3,14,3,0,13.91
2025-11-29 11:01:17,2,9,33.3,14,3,0,12.95
2025-11-29 11:01:17,0,0,33.3,14,3,0,12.95
2025-11-29 11:01:18,2,9,33.3,12,3,0,12.95
2025-11-29 11:01:18,2,9,33.3,14,3,0,12.95
2025-11-29 11:01:19,4,4,33.4,10,3,0,12.95
2025-11-29 11:01:19,1,5,33.4,14,3,0,12.95
2025-11-29 11:01:19,2,9,33.4,14,3,0,12.95
2025-11-29 11:01:20,2,9,33.4,12,3,0,12.95
2025-11-29 11:01:20,1,4,33.4,12,3,0,12.95
2025-11-29 11:01:20,2,9,33.4,11,3,0,12.95
2025-11-29 11:01:21,1,4,33.4,14,3,0,12.95
2025-11-29 11:01:21,1,4,33.4,14,3,0,12.95
2025-11-29 11:01:22,2,9,33.4,14,3,0,12.95
2025-11-29 11:01:22,1,4,33.3,13,3,0,11.92
2025-11-29 11:01:22,1,5,33.4,14,3,0,11.92
2025-11-29 11:01:23,0,0,33.4,14,3,0,11.92
2025-11-29 11:01:23,2,9,33.3,14,3,0,11.92
2025-11-29 11:01:23,1,5,33.4,10,3,0,11.92
2025-11-29 11:01:24,5,8,33.4,12,3,0,11.92
2025-11-29 11:01:24,2,9,33.4,14,3,0,11.92
2025-11-29 11:01:24,1,5,33.4,14,3,0,11.92
2025-11-29 11:01:25,0,0,33.4,14,3,0,11.92
2025-11-29 11:01:25,0,0,33.4,11,3,0,11.92
2025-11-29 11:01:26,0,0,33.4,12,3,0,11.92
2025-11-29 11:01:26,23,4,33.3,13,3,0,11.92
2025-11-29 11:01:26,2,9,33.3,14,3,0,11.92
2025-11-29 11:01:27,1,5,33.3,13,3,0,11.92
2025-11-29 11:01:27,1,5,33.4,12,3,0,11.04
2025-11-29 11:01:27,2,9,33.4,13,3,0,11.04
2025-11-29 11:01:28,2,9,33.4,14,3,0,11.04
2025-11-29 11:01:28,1,4,33.4,11,3,0,11.04
2025-11-29 11:01:28,1,4,33.4,14,3,0,11.04
2025-11-29 11:01:29,2,9,33.4,10,3,0,11.04
2025-11-29 11:01:29,1,5,33.3,14,3,0,11.04
2025-11-29 11:01:30,2,9,33.3,11,3,0,11.04
2025-11-29 11:01:30,1,4,33.3,12,3,0,11.04
2025-11-29 11:01:30,2,9,33.3,14,3,0,11.04
2025-11-29 11:01:31,2,9,33.3,14,3,0,11.04
2025-11-29 11:01:31,1,5,33.3,14,3,0,11.04
2025-11-29 11:01:31,1,5,33.3,14,3,0,11.04
2025-11-29 11:01:32,2,9,33.3,14,3,0,11.04
2025-11-29 11:01:32,1,4,33.3,14,3,0,10.24
2025-11-29 11:01:33,1,5,33.3,10,3,0,10.24
2025-11-29 11:01:33,5,8,33.2,13,3,0,10.24
2025-11-29 11:01:33,2,9,33.2,14,3,1,10.24
2025-11-29 11:01:34,4,4,33.3,10,3,1,10.24
2025-11-29 11:01:34,1,5,33.3,14,3,1,10.24
2025-11-29 11:01:34,2,9,33.2,14,3,1,10.24
2025-11-29 11:01:35,2,9,33.3,12,3,1,10.24
2025-11-29 11:01:35,0,0,33.2,14,3,1,10.24
2025-11-29 11:01:35,1,4,33.2,12,3,1,10.24
2025-11-29 11:01:36,2,9,33.2,14,3,1,10.24
2025-11-29 11:01:36,1,4,33.2,14,3,1,10.24
2025-11-29 11:01:37,10,1,33.2,12,3,1,10.24
2025-11-29 11:01:37,1,5,33.3,12,3,1,9.50
2025-11-29 11:01:37,2,9,33.3,14,3,1,9.50
2025-11-29 11:01:38,1,5,33.3,14,3,1,9.50
2025-11-29 11:01:38,4,3,33.3,14,3,1,9.50
2025-11-29 11:01:38,1,5,33.3,10,3,0,9.50
2025-11-29 11:01:39,4,3,33.3,12,3,0,9.50
2025-11-29 11:01:39,2,9,33.3,14,3,0,9.50
2025-11-29 11:01:40,2,9,33.3,14,3,0,9.50
2025-11-29 11:01:40,1,4,33.3,12,3,0,9.50
2025-11-29 11:01:40,1,5,33.3,14,3,0,9.50
2025-11-29 11:01:41,2,9,33.3,12,3,0,9.50
2025-11-29 11:01:41,1,5,33.3,10,3,0,9.50
2025-11-29 11:01:41,2,9,33.3,14,3,0,9.50
2025-11-29 11:01:42,2,9,33.3,14,3,0,9.50
2025-11-29 11:01:42,1,5,33.3,14,3,0,8.90
2025-11-29 11:01:42,1,5,33.3,14,3,0,8.90
2025-11-29 11:01:43,0,0,33.3,14,3,0,8.90
2025-11-29 11:01:43,1,5,33.3,14,3,0,8.90
2025-11-29 11:01:44,24,7,33.2,11,3,0,8.90
2025-11-29 11:01:44,0,0,33.2,14,3,0,8.90
2025-11-29 11:01:44,1,5,33.2,14,3,0,8.90
2025-11-29 11:01:45,3,0,33.2,14,3,0,8.90
2025-11-29 11:01:45,1,4,33.2,14,3,0,8.90
2025-11-29 11:01:45,1,4,33.2,14,3,0,8.90
2025-11-29 11:01:46,2,9,33.2,14,3,0,8.90
2025-11-29 11:01:46,0,0,33.2,14,3,0,8.90
2025-11-29 11:01:47,9,0,33.1,13,3,0,8.90
2025-11-29 11:01:47,2,9,33.1,14,3,0,8.18
2025-11-29 11:01:47,0,0,33.0,14,3,0,8.18
2025-11-29 11:01:48,2,9,33.0,11,3,0,8.18
2025-11-29 11:01:48,1,5,33.0,11,3,0,8.18
2025-11-29 11:01:48,1,5,33.1,14,3,0,8.18
2025-11-29 11:01:49,4,3,33.1,13,3,0,8.18
2025-11-29 11:01:49,1,4,33.1,14,3,0,8.18
2025-11-29 11:01:49,2,9,33.1,14,3,0,8.18
2025-11-29 11:01:50,1,5,33.1,14,3,0,8.18
2025-11-29 11:01:50,1,4,33.1,14,3,0,8.18
2025-11-29 11:01:51,2,9,33.1,14,3,0,8.18
2025-11-29 11:01:51,1,4,33.1,14,3,0,8.18
2025-11-29 11:01:51,1,4,33.1,14,3,0,8.18
2025-11-29 11:01:52,2,9,33.1,14,3,0,8.18
2025-11-29 11:01:52,2,9,33.1,14,3,0,7.53
2025-11-29 11:01:52,1,5,33.1,12,3,0,7.53
2025-11-29 11:01:53,0,0,33.1,12,3,0,7.53
2025-11-29 11:01:53,1,4,33.1,14,3,0,7.53
2025-11-29 11:01:54,1,4,33.1,14,3,0,7.53
2025-11-29 11:01:54,2,9,33.2,11,3,0,7.53
2025-11-29 11:01:54,2,9,33.2,14,3,0,7.53
2025-11-29 11:01:55,2,9,33.2,13,3,0,7.53
2025-11-29 11:01:55,1,5,33.2,14,3,0,7.53
2025-11-29 11:01:55,1,5,33.2,14,3,0,7.53
2025-11-29 11:01:56,1,5,33.2,14,3,0,7.53
2025-11-29 11:01:56,2,9,33.2,12,3,0,7.53
2025-11-29 11:01:56,2,9,33.1,10,3,0,7.53
2025-11-29 11:01:57,0,0,33.1,14,3,0,7.53
2025-11-29 11:01:57,2,9,33.1,12,3,0,7.01
2025-11-29 11:01:58,1,4,33.2,14,3,0,7.01
2025-11-29 11:01:58,1,5,33.1,14,3,0,7.01
2025-11-29 11:01:58,2,9,33.2,14,3,0,7.01
2025-11-29 11:01:59,4,5,33.2,12,3,0,7.01
2025-11-29 11:01:59,1,5,33.2,14,3,0,7.01
2025-11-29 11:01:59,1,4,33.2,13,3,0,7.01
2025-11-29 11:02:00,1,5,33.3,12,3,0,7.01
2025-11-29 11:02:00,1,4,33.3,12,3,0,7.01
2025-11-29 11:02:00,1,5,33.3,13,3,0,7.01
2025-11-29 11:02:01,1,4,33.3,13,3,0,7.01
2025-11-29 11:02:01,1,4,33.3,11,3,0,7.01
2025-11-29 11:02:02,2,9,33.3,14,3,0,7.01
2025-11-29 11:02:02,27,5,33.3,13,3,0,6.44
2025-11-29 11:02:02,1,5,33.2,13,3,0,6.44
2025-11-29 11:02:03,1,5,33.2,14,3,0,6.44
2025-11-29 11:02:03,2,9,33.2,14,3,0,6.44
2025-11-29 11:02:03,2,9,33.2,14,3,0,6.44
2025-11-29 11:02:04,1,5,33.3,10,3,0,6.44
2025-11-29 11:02:04,0,0,33.3,14,3,0,6.44
2025-11-29 11:02:05,1,4,33.3,14,3,0,6.44
2025-11-29 11:02:05,0,0,33.3,14,3,0,6.44
2025-11-29 11:02:05,1,4,33.3,10,3,0,6.44
2025-11-29 11:02:06,1,5,33.3,13,3,0,6.44
2025-11-29 11:02:06,0,0,33.3,14,3,0,6.44
2025-11-29 11:02:06,1,4,33.2,14,3,0,6.44
2025-11-29 11:02:07,2,9,33.2,14,3,0,6.44
2025-11-29 11:02:07,2,9,33.2,14,3,0,6.01
2025-11-29 11:02:07,2,9,33.2,11,3,0,6.01
2025-11-29 11:02:08,1,4,33.2,13,3,0,6.01
2025-11-29 11:02:08,1,4,33.2,14,3,0,6.01
2025-11-29 11:02:09,4,3,33.2,12,3,0,6.01
2025-11-29 11:02:09,1,5,33.2,14,3,0,6.01
2025-11-29 11:02:09,0,0,33.2,10,3,0,6.01
2025-11-29 11:02:10,1,4,33.2,14,3,0,6.01
2025-11-29 11:02:10,1,5,33.2,14,3,0,6.01
2025-11-29 11:02:10,1,4,33.2,14,3,0,6.01
2025-11-29 11:02:11,2,9,33.2,14,3,0,6.01
2025-11-29 11:02:11,1,5,33.2,14,3,0,6.01
2025-11-29 11:02:11,2,9,33.2,13,3,0,6.01
2025-11-29 11:02:12,1,5,33.2,14,3,0,5.77
2025-11-29 11:02:12,1,4,33.2,11,3,0,5.77
2025-11-29 11:02:13,0,0,33.2,14,3,0,5.77
2025-11-29 11:02:13,1,5,33.2,14,3,0,5.77
2025-11-29 11:02:13,1,4,33.2,12,3,0,5.77
2025-11-29 11:02:14,4,5,33.3,10,3,0,5.77
2025-11-29 11:02:14,2,9,33.3,12,3,0,5.77
2025-11-29 11:02:14,1,4,33.3,14,3,0,5.77
2025-11-29 11:02:15,2,9,33.3,14,3,0,5.77
2025-11-29 11:02:15,4,2,33.3,11,3,0,5.77
2025-11-29 11:02:16,2,9,33.3,13,3,0,5.77
2025-11-29 11:02:16,1,4,33.3,14,3,0,5.77
2025-11-29 11:02:16,1,5,33.3,14,3,0,5.77
2025-11-29 11:02:17,4,5,33.3,14,3,0,5.77
2025-11-29 11:02:17,1,5,33.3,14,3,0,5.31
2025-11-29 11:02:17,2,9,33.3,13,3,0,5.31
2025-11-29 11:02:18,1,5,33.2,14,3,0,5.31
2025-11-29 11:02:18,1,4,33.2,14,3,0,5.31
2025-11-29 11:02:18,2,9,33.2,14,3,0,5.31
2025-11-29 11:02:19,2,9,33.2,14,3,0,5.31
2025-11-29 11:02:19,0,0,33.2,14,3,0,5.31
2025-11-29 11:02:20,2,9,33.3,15,3,0,5.31
2025-11-29 11:02:20,2,9,33.4,14,3,0,5.31
2025-11-29 11:02:20,23,4,33.2,13,3,0,5.31
2025-11-29 11:02:21,0,0,33.2,14,3,0,5.31
2025-11-29 11:02:21,1,4,33.2,14,3,0,5.31
2025-11-29 11:02:21,1,5,33.2,14,3,0,5.31
2025-11-29 11:02:22,1,4,33.2,13,3,0,5.31
2025-11-29 11:02:22,1,4,33.2,14,3,0,5.04
2025-11-29 11:02:23,1,5,33.2,14,3,0,5.04
2025-11-29 11:02:23,0,0,33.3,14,3,0,5.04
2025-11-29 11:02:23,4,2,33.3,14,3,0,5.04
2025-11-29 11:02:24,5,8,33.3,11,3,0,5.04
2025-11-29 11:02:24,2,9,33.3,14,3,0,5.04
2025-11-29 11:02:24,1,4,33.3,10,3,0,5.04
2025-11-29 11:02:25,5,8,33.3,14,3,0,5.04
2025-11-29 11:02:25,1,4,33.3,14,3,0,5.04
2025-11-29 11:02:25,4,2,33.3,14,3,0,5.04
2025-11-29 11:02:26,2,9,33.3,14,3,0,5.04
2025-11-29 11:02:26,1,5,33.3,14,3,0,5.04
2025-11-29 11:02:27,11,8,33.3,13,3,0,5.04
2025-11-29 11:02:27,2,8,33.3,13,3,0,4.64
2025-11-29 11:02:27,2,9,33.2,14,3,0,4.64
2025-11-29 11:02:28,1,4,33.2,13,3,0,4.64
2025-11-29 11:02:28,1,4,33.3,13,3,0,4.64
2025-11-29 11:02:28,1,5,33.3,12,3,0,4.64
2025-11-29 11:02:29,2,9,33.3,14,3,0,4.64
2025-11-29 11:02:29,0,0,33.3,14,3,0,4.64
2025-11-29 11:02:30,1,5,33.3,14,3,0,4.64
2025-11-29 11:02:30,2,9,33.3,11,3,0,4.64
2025-11-29 11:02:30,1,4,33.3,14,3,0,4.64
2025-11-29 11:02:31,2,9,33.3,14,3,0,4.64
2025-11-29 11:02:31,2,9,33.3,14,3,0,4.64
2025-11-29 11:02:31,1,4,33.3,12,3,0,4.64
2025-11-29 11:02:32,2,9,33.3,14,3,0,4.64
2025-11-29 11:02:32,1,4,33.3,12,3,0,4.35
2025-11-29 11:02:32,1,5,33.3,10,3,0,4.35
2025-11-29 11:02:33,1,4,33.3,14,3,0,4.35
2025-11-29 11:02:33,1,5,33.3,14,3,0,4.35
2025-11-29 11:02:34,1,4,33.3,10,3,0,4.35
2025-11-29 11:02:34,1,5,33.3,14,3,0,4.35
2025-11-29 11:02:34,1,4,33.3,14,3,0,4.35
2025-11-29 11:02:35,4,3,33.3,10,3,0,4.35
2025-11-29 11:02:35,1,4,33.3,14,3,0,4.35
2025-11-29 11:02:35,2,9,33.2,14,3,0,4.35
2025-11-29 11:02:36,0,0,33.2,14,3,0,4.35
2025-11-29 11:02:36,7,4,33.2,13,3,0,4.35
2025-11-29 11:02:36,9,9,33.3,10,3,1,4.35
2025-11-29 11:02:37,2,9,33.3,14,3,1,4.35
2025-11-29 11:02:37,2,9,33.3,12,3,1,4.08
2025-11-29 11:02:38,1,4,33.3,14,3,1,4.08
2025-11-29 11:02:38,2,9,33.3,14,3,1,4.08
2025-11-29 11:02:38,1,4,33.3,14,3,1,4.08
2025-11-29 11:02:39,37,7,33.3,10,3,1,4.08
2025-11-29 11:02:39,2,9,33.3,14,3,1,4.08
2025-11-29 11:02:39,1,5,33.3,14,3,1,4.08
2025-11-29 11:02:40,4,2,33.3,14,3,1,4.08
2025-11-29 11:02:40,1,5,33.3,14,3,1,4.08
2025-11-29 11:02:41,2,9,33.3,14,3,1,4.08
2025-11-29 11:02:41,2,9,33.3,14,3,1,4.08
2025-11-29 11:02:41,4,2,33.3,11,3,0,4.08
2025-11-29 11:02:42,1,5,33.2,10,3,0,4.08
2025-11-29 11:02:42,2,9,33.2,13,3,0,3.75
2025-11-29 11:02:42,1,5,33.2,14,3,0,3.75
2025-11-29 11:02:43,4,3,33.2,12,3,0,3.75
2025-11-29 11:02:43,1,4,33.2,14,3,0,3.75
2025-11-29 11:02:43,1,4,33.2,14,3,0,3.75
2025-11-29 11:02:44,2,9,33.3,13,3,0,3.75
2025-11-29 11:02:44,1,4,33.3,14,3,0,3.75
2025-11-29 11:02:45,0,0,33.3,13,3,0,3.75
2025-11-29 11:02:45,1,4,33.3,12,3,0,3.75
2025-11-29 11:02:45,1,4,33.3,14,3,0,3.75
2025-11-29 11:02:46,1,5,33.3,12,3,0,3.75
2025-11-29 11:02:46,2,9,33.3,14,3,0,3.75
2025-11-29 11:02:46,4,2,33.3,10,3,0,3.75
2025-11-29 11:02:47,2,9,33.2,14,3,0,3.75
2025-11-29 11:02:47,0,0,33.2,14,3,0,3.61
2025-11-29 11:02:48,1,5,33.2,14,3,0,3.61
2025-11-29 11:02:48,2,9,33.3,14,3,0,3.61
2025-11-29 11:02:48,1,5,33.3,14,3,0,3.61
2025-11-29 11:02:49,5,7,33.3,12,3,0,3.61
2025-11-29 11:02:49,1,5,33.3,14,3,0,3.61
2025-11-29 11:02:49,2,9,33.3,14,3,0,3.61
2025-11-29 11:02:50,3,0,33.3,11,3,0,3.61
2025-11-29 11:02:50,1,4,33.3,14,3,0,3.61
2025-11-29 11:02:50,0,0,33.3,10,3,0,3.61
2025-11-29 11:02:51,2,9,33.3,14,3,0,3.61
2025-11-29 11:02:51,2,9,33.2,14,3,0,3.61
2025-11-29 11:02:52,2,9,33.2,14,3,0,3.61
2025-11-29 11:02:52,1,4,33.2,12,3,0,3.32
2025-11-29 11:02:52,2,9,33.2,14,3,0,3.32
2025-11-29 11:02:53,1,5,33.2,10,3,0,3.32
2025-11-29 11:02:53,1,5,33.2,14,3,0,3.32
2025-11-29 11:02:53,0,0,33.2,14,3,0,3.32
2025-11-29 11:02:54,2,9,33.2,14,3,0,3.32
2025-11-29 11:02:54,4,3,33.2,14,3,0,3.32
2025-11-29 11:02:54,4,3,33.2,14,3,0,3.32
2025-11-29 11:02:55,1,5,33.2,14,3,0,3.32
2025-11-29 11:02:55,1,5,33.2,14,3,0,3.32
2025-11-29 11:02:56,1,4,33.2,14,3,0,3.32
2025-11-29 11:02:56,2,9,33.2,12,3,0,3.32
2025-11-29 11:02:56,2,9,33.2,14,3,0,3.32
2025-11-29 11:02:57,0,0,33.2,14,3,0,3.32
2025-11-29 11:02:57,28,0,33.2,13,3,0,3.45
2025-11-29 11:02:57,2,9,33.2,14,3,0,3.45
2025-11-29 11:02:58,2,9,33.2,12,3,0,3.45
2025-11-29 11:02:58,1,5,33.1,13,3,0,3.45
2025-11-29 11:02:59,1,4,33.1,11,3,0,3.45
2025-11-29 11:02:59,2,9,33.1,14,3,0,3.45
2025-11-29 11:02:59,1,4,33.1,14,3,0,3.45
2025-11-29 11:03:00,2,9,33.1,14,3,0,3.45
2025-11-29 11:03:00,1,5,33.1,14,3,0,3.45
2025-11-29 11:03:00,1,4,33.1,15,3,0,3.45
2025-11-29 11:03:01,1,5,33.1,14,3,0,3.45
2025-11-29 11:03:01,1,4,33.1,13,3,0,3.45
2025-11-29 11:03:01,0,0,33.1,12,3,0,3.45
2025-11-29 11:03:02,3,0,33.1,14,3,0,3.45
2025-11-29 11:03:02,2,9,33.1,14,3,0,3.34
2025-11-29 11:03:03,2,9,33.1,14,3,1,3.34
2025-11-29 11:03:03,2,8,33.1,14,3,1,3.34
2025-11-29 11:03:03,1,4,33.1,14,3,1,3.34
2025-11-29 11:03:04,5,8,33.1,14,3,1,3.34
2025-11-29 11:03:04,2,9,33.2,12,3,1,3.34
2025-11-29 11:03:04,1,4,33.2,14,3,1,3.34
2025-11-29 11:03:05,2,9,33.1,13,3,2,3.34
2025-11-29 11:03:05,2,9,33.1,14,3,2,3.34
2025-11-29 11:03:06,4,3,33.1,14,3,2,3.34
2025-11-29 11:03:06,2,9,33.1,14,3,2,3.34
2025-11-29 11:03:06,2,9,33.1,13,3,2,3.34
2025-11-29 11:03:07,4,4,33.1,14,3,2,3.34
2025-11-29 11:03:07,1,5,33.1,14,3,1,3.07
2025-11-29 11:03:07,1,4,33.1,13,3,1,3.07
2025-11-29 11:03:08,1,4,33.1,14,3,1,3.07
2025-11-29 11:03:08,2,9,33.1,14,3,1,3.07
2025-11-29 11:03:08,4,3,33.1,13,3,2,3.07
2025-11-29 11:03:09,2,9,33.2,13,3,2,3.07
2025-11-29 11:03:09,7,1,33.1,10,3,2,3.07
2025-11-29 11:03:10,1,5,33.1,14,3,2,3.07
2025-11-29 11:03:10,2,9,33.1,14,3,3,3.07
2025-11-29 11:03:10,1,4,33.1,14,3,3,3.07
2025-11-29 11:03:11,4,4,33.0,10,3,3,3.07
2025-11-29 11:03:11,0,0,33.1,14,3,4,3.07
2025-11-29 11:03:11,1,5,33.1,12,3,4,3.07
2025-11-29 11:03:12,0,0,33.1,14,3,4,3.07
2025-11-29 11:03:12,2,9,33.1,14,3,4,2.90
2025-11-29 11:03:13,0,0,33.1,14,3,4,2.90
2025-11-29 11:03:13,1,4,33.1,14,3,3,2.90
2025-11-29 11:03:13,1,5,33.1,12,3,3,2.90
2025-11-29 11:03:14,8,7,33.2,10,3,2,2.90
2025-11-29 11:03:14,0,0,33.2,14,3,2,2.90
2025-11-29 11:03:14,1,5,33.2,14,3,2,2.90
2025-11-29 11:03:15,23,4,33.1,10,3,2,2.90
2025-11-29 11:03:15,2,9,33.1,14,3,1,2.90
2025-11-29 11:03:15,1,4,33.0,13,3,1,2.90
2025-11-29 11:03:16,2,9,33.0,14,3,1,2.90
2025-11-29 11:03:16,1,4,33.0,14,3,0,2.90
2025-11-29 11:03:17,11,8,33.1,12,3,0,2.90
2025-11-29 11:03:17,1,5,33.1,12,3,0,2.67
2025-11-29 11:03:17,0,0,33.1,14,3,0,2.67
2025-11-29 11:03:18,2,9,33.1,13,3,0,2.67
2025-11-29 11:03:18,2,9,33.0,13,3,0,2.67
2025-11-29 11:03:18,2,9,33.0,14,3,0,2.67
2025-11-29 11:03:19,2,9,33.0,14,3,0,2.67
2025-11-29 11:03:19,1,4,33.0,10,3,0,2.67
2025-11-29 11:03:20,1,4,33.0,14,3,0,2.67
2025-11-29 11:03:20,0,0,33.0,14,3,0,2.67
2025-11-29 11:03:20,1,5,33.0,13,3,0,2.67
2025-11-29 11:03:21,0,0,33.0,14,3,0,2.67
2025-11-29 11:03:21,1,5,33.0,14,3,0,2.67
2025-11-29 11:03:21,2,9,33.0,14,3,0,2.67
2025-11-29 11:03:22,1,4,33.0,13,3,0,2.67
2025-11-29 11:03:22,2,9,33.0,14,3,0,2.46
2025-11-29 11:03:22,1,5,33.1,12,3,0,2.46
2025-11-29 11:03:23,2,9,33.2,14,3,0,2.46
2025-11-29 11:03:23,1,4,33.2,14,3,0,2.46
2025-11-29 11:03:24,0,0,33.2,10,3,0,2.46
2025-11-29 11:03:24,1,4,33.2,14,3,0,2.46
2025-11-29 11:03:24,0,0,33.2,14,3,0,2.46
2025-11-29 11:03:25,2,9,33.2,14,3,0,2.46
2025-11-29 11:03:25,1,5,33.2,13,3,0,2.46
2025-11-29 11:03:25,0,0,33.2,14,3,0,2.46
2025-11-29 11:03:26,1,5,33.2,14,3,0,2.46
2025-11-29 11:03:26,0,0,33.2,12,3,0,2.46
2025-11-29 11:03:26,8,8,33.1,10,3,0,2.46
2025-11-29 11:03:27,1,4,33.1,14,3,0,2.46
2025-11-29 11:03:27,2,9,33.1,14,3,0,2.42
2025-11-29 11:03:28,0,0,33.1,14,3,0,2.42
2025-11-29 11:03:28,2,9,33.1,14,3,0,2.42
2025-11-29 11:03:28,0,0,33.1,14,3,0,2.42
2025-11-29 11:03:29,5,9,33.1,11,3,0,2.42
2025-11-29 11:03:29,2,9,33.2,14,3,0,2.42
2025-11-29 11:03:29,1,5,33.2,13,3,0,2.42
2025-11-29 11:03:30,1,5,33.2,12,3,0,2.42
2025-11-29 11:03:30,2,9,33.2,14,3,0,2.42
2025-11-29 11:03:30,1,5,33.1,14,3,0,2.42
2025-11-29 11:03:31,1,4,33.1,13,3,0,2.42
2025-11-29 11:03:31,1,5,33.1,14,3,0,2.42
2025-11-29 11:03:32,2,9,33.1,14,3,0,2.42
2025-11-29 11:03:32,2,9,33.2,14,3,0,2.23
2025-11-29 11:03:32,1,5,33.2,13,3,0,2.23
2025-11-29 11:03:33,2,9,33.2,12,3,0,2.23
2025-11-29 11:03:33,22,7,33.2,13,3,0,2.23
2025-11-29 11:03:33,2,9,33.2,14,3,0,2.23
2025-11-29 11:03:34,1,5,33.2,14,3,0,2.23
2025-11-29 11:03:34,1,5,33.2,12,3,0,2.23
2025-11-29 11:03:35,1,5,33.2,14,3,0,2.23
2025-11-29 11:03:35,1,4,33.2,13,3,0,2.23
2025-11-29 11:03:35,2,9,33.2,14,3,0,2.23
2025-11-29 11:03:36,2,9,33.2,13,3,0,2.23
2025-11-29 11:03:36,0,0,33.2,14,3,0,2.23
2025-11-29 11:03:36,1,5,33.2,14,3,0,2.23
2025-11-29 11:03:37,0,0,33.1,14,3,0,2.23
2025-11-29 11:03:37,1,5,33.1,14,3,0,2.13
2025-11-29 11:03:37,1,4,33.2,14,3,0,2.13
2025-11-29 11:03:38,2,8,33.2,12,3,0,2.13
2025-11-29 11:03:38,1,5,33.2,12,3,0,2.13
2025-11-29 11:03:39,2,9,33.2,10,3,0,2.13
2025-11-29 11:03:39,1,5,33.2,14,3,0,2.13
2025-11-29 11:03:39,2,9,33.2,14,3,0,2.13
2025-11-29 11:03:40,2,9,33.2,14,3,0,2.13
2025-11-29 11:03:40,1,5,33.2,12,3,0,2.13
2025-11-29 11:03:40,0,0,33.2,12,3,0,2.13
2025-11-29 11:03:41,1,5,33.2,14,3,0,2.13
2025-11-29 11:03:41,1,5,33.2,14,3,0,2.13
2025-11-29 11:03:41,2,9,33.2,13,3,0,2.13
2025-11-29 11:03:42,2,9,33.2,14,3,0,2.13
2025-11-29 11:03:42,0,0,33.2,11,3,0,2.20
2025-11-29 11:03:43,2,9,33.2,14,3,0,2.20
2025-11-29 11:03:43,1,4,33.2,14,3,0,2.20
2025-11-29 11:03:43,1,4,33.2,13,3,0,2.20
2025-11-29 11:03:44,6,1,33.3,11,3,0,2.20
2025-11-29 11:03:44,1,5,33.3,14,3,0,2.20
2025-11-29 11:03:44,1,4,33.3,14,3,0,2.20
2025-11-29 11:03:45,2,9,33.3,14,3,0,2.20
2025-11-29 11:03:45,1,5,33.4,14,3,0,2.20
2025-11-29 11:03:45,1,5,33.4,14,3,0,2.20
2025-11-29 11:03:46,2,9,33.4,14,3,0,2.20
2025-11-29 11:03:46,1,5,33.4,14,3,0,2.20
2025-11-29 11:03:47,8,8,33.3,14,3,0,2.20
2025-11-29 11:03:47,1,5,33.3,13,3,0,2.18
2025-11-29 11:03:47,2,9,33.3,12,3,0,2.18
2025-11-29 11:03:48,2,9,33.3,12,3,0,2.18
2025-11-29 11:03:48,2,9,33.4,14,3,0,2.18
2025-11-29 11:03:48,2,9,33.4,14,3,0,2.18
2025-11-29 11:03:49,4,4,33.5,13,3,0,2.18
2025-11-29 11:03:49,0,0,33.5,14,3,0,2.18
2025-11-29 11:03:49,1,5,33.5,14,3,0,2.18
2025-11-29 11:03:50,1,5,33.5,13,3,0,2.18
2025-11-29 11:03:50,1,5,33.5,14,3,0,2.18
2025-11-29 11:03:51,1,4,33.5,12,3,0,2.18
2025-11-29 11:03:51,25,0,33.5,13,3,0,2.18
2025-11-29 11:03:51,1,4,33.4,12,3,0,2.18
2025-11-29 11:03:52,1,5,33.4,14,3,0,2.18
2025-11-29 11:03:52,3,0,33.4,14,3,0,2.01
2025-11-29 11:03:52,2,9,33.4,13,3,0,2.01
2025-11-29 11:03:53,0,0,33.4,14,3,1,2.01
2025-11-29 11:03:53,1,5,33.4,13,3,1,2.01
2025-11-29 11:03:54,1,5,33.4,13,3,2,2.01
2025-11-29 11:03:54,1,5,33.4,12,3,2,2.01
2025-11-29 11:03:54,2,9,33.4,12,3,3,2.01
2025-11-29 11:03:55,2,9,33.4,14,3,3,2.01
2025-11-29 11:03:55,1,5,33.5,14,3,3,2.01
2025-11-29 11:03:55,1,5,33.4,12,3,4,2.01
2025-11-29 11:03:56,1,4,33.4,12,3,4,2.01
2025-11-29 11:03:56,0,0,33.4,12,3,4,2.01
2025-11-29 11:03:56,7,2,33.4,11,3,4,2.01
2025-11-29 11:03:57,1,5,33.4,12,3,4,2.01
2025-11-29 11:03:57,0,0,33.4,14,3,4,1.85
2025-11-29 11:03:58,2,9,33.4,14,3,3,1.85
2025-11-29 11:03:58,1,5,33.4,14,3,3,1.85
2025-11-29 11:03:58,1,5,33.4,14,3,3,1.85
2025-11-29 11:03:59,3,0,33.4,11,3,2,1.85
2025-11-29 11:03:59,1,4,33.3,14,3,2,1.85
2025-11-29 11:03:59,1,4,33.4,14,3,1,1.85
2025-11-29 11:04:00,3,0,33.4,14,3,1,1.85
2025-11-29 11:04:00,1,5,33.4,12,3,1,1.85
2025-11-29 11:04:00,1,5,33.4,13,3,0,1.85
2025-11-29 11:04:01,0,0,33.4,14,3,0,1.85
2025-11-29 11:04:01,2,9,33.4,12,3,0,1.85
2025-11-29 11:04:02,1,5,33.4,14,3,0,1.85
2025-11-29 11:04:02,2,9,33.4,14,3,0,1.85
2025-11-29 11:04:02,1,5,33.4,12,3,0,1.78
2025-11-29 11:04:03,1,4,33.4,14,3,0,1.78
2025-11-29 11:04:03,2,9,33.4,14,3,0,1.78
2025-11-29 11:04:03,1,5,33.3,14,3,0,1.78
2025-11-29 11:04:04,2,9,33.4,13,3,0,1.78
2025-11-29 11:04:04,1,5,33.4,14,3,0,1.78
2025-11-29 11:04:04,1,5,33.3,14,3,0,1.78
2025-11-29 11:04:05,1,5,33.3,14,3,0,1.78
2025-11-29 11:04:05,1,4,33.3,14,3,0,1.78
2025-11-29 11:04:06,1,5,33.3,11,3,0,1.78
2025-11-29 11:04:06,1,5,33.3,14,3,0,1.78
2025-11-29 11:04:06,2,9,33.3,14,3,0,1.78
2025-11-29 11:04:07,2,9,33.3,14,3,0,1.78
2025-11-29 11:04:07,0,0,33.5,14,3,0,1.64
2025-11-29 11:04:07,1,5,33.5,13,3,0,1.64
2025-11-29 11:04:08,1,5,33.5,11,3,0,1.64
2025-11-29 11:04:08,2,9,33.5,14,3,0,1.64
2025-11-29 11:04:08,2,9,33.5,14,3,0,1.64
2025-11-29 11:04:09,32,0,33.5,13,3,0,1.64
2025-11-29 11:04:09,1,4,33.5,14,3,0,1.64
2025-11-29 11:04:10,2,9,33.5,14,3,0,1.64
2025-11-29 11:04:10,1,5,33.5,14,3,0,1.64
2025-11-29 11:04:10,2,9,33.5,14,3,0,1.64
2025-11-29 11:04:11,2,9,33.5,14,3,0,1.64
2025-11-29 11:04:11,1,5,33.5,14,3,0,1.64
2025-11-29 11:04:11,1,5,33.5,14,3,0,1.64
2025-11-29 11:04:12,1,5,33.5,14,3,0,1.64
2025-11-29 11:04:12,1,5,33.5,14,3,0,1.50
2025-11-29 11:04:13,1,5,33.5,14,3,0,1.50
2025-11-29 11:04:13,1,5,33.5,11,3,0,1.50
2025-11-29 11:04:13,2,9,33.4,14,3,0,1.50
2025-11-29 11:04:14,5,9,33.5,10,3,0,1.50
2025-11-29 11:04:14,1,4,33.5,14,3,0,1.50
2025-11-29 11:04:14,2,9,33.5,14,3,0,1.50
2025-11-29 11:04:15,2,9,33.5,12,3,0,1.50
2025-11-29 11:04:15,2,9,33.6,13,3,0,1.50
2025-11-29 11:04:15,1,5,33.6,12,3,0,1.50
2025-11-29 11:04:16,1,5,33.6,12,3,0,1.50
2025-11-29 11:04:16,1,5,33.6,12,3,0,1.50
2025-11-29 11:04:17,11,6,33.6,12,3,0,1.50
2025-11-29 11:04:17,1,5,33.6,11,3,0,1.50
2025-11-29 11:04:17,1,5,33.6,14,3,0,1.46
2025-11-29 11:04:18,1,5,33.6,14,3,0,1.46
2025-11-29 11:04:18,0,0,33.6,13,3,0,1.46
2025-11-29 11:04:18,2,9,33.6,14,3,0,1.46
2025-11-29 11:04:19,3,0,33.5,10,3,0,1.46
2025-11-29 11:04:19,2,9,33.5,14,3,0,1.46
2025-11-29 11:04:19,2,9,33.6,14,3,0,1.46
2025-11-29 11:04:20,0,0,33.6,12,3,0,1.46
2025-11-29 11:04:20,4,3,33.6,13,3,0,1.46
2025-11-29 11:04:20,1,5,33.6,13,3,0,1.46
2025-11-29 11:04:21,0,0,33.6,14,3,0,1.46
2025-11-29 11:04:21,3,0,33.6,14,3,0,1.46
2025-11-29 11:04:22,1,5,33.6,12,3,0,1.46
2025-11-29 11:04:22,1,5,33.6,13,3,0,1.46
2025-11-29 11:04:22,0,0,33.6,14,3,0,1.59
2025-11-29 11:04:23,2,9,33.6,14,3,0,1.59
2025-11-29 11:04:23,1,5,33.6,14,3,0,1.59
2025-11-29 11:04:23,1,4,33.6,13,3,0,1.59
2025-11-29 11:04:24,1,5,33.6,13,3,0,1.59
2025-11-29 11:04:24,1,5,33.6,14,3,0,1.59
2025-11-29 11:04:24,1,5,33.6,14,3,0,1.59
2025-11-29 11:04:25,3,0,33.6,12,3,0,1.59
2025-11-29 11:04:25,1,5,33.6,14,3,0,1.59
2025-11-29 11:04:26,1,5,33.6,14,3,0,1.59
2025-11-29 11:04:26,1,5,33.6,14,3,0,1.59
2025-11-29 11:04:26,0,0,33.6,10,3,0,1.59
2025-11-29 11:04:27,1,5,33.6,10,3,0,1.59
2025-11-29 11:04:27,24,3,33.6,13,3,1,1.46
2025-11-29 11:04:27,1,5,33.5,14,3,1,1.46
2025-11-29 11:04:28,5,8,33.5,14,3,1,1.46
2025-11-29 11:04:28,4,2,33.5,14,3,2,1.46
2025-11-29 11:04:29,1,5,33.5,14,3,2,1.46
2025-11-29 11:04:29,11,9,33.5,14,3,2,1.46
2025-11-29 11:04:29,1,5,33.5,14,3,3,1.46
2025-11-29 11:04:30,2,9,33.5,14,3,3,1.46
2025-11-29 11:04:30,0,0,33.4,14,3,3,1.46
2025-11-29 11:04:30,1,5,33.4,11,3,3,1.46
2025-11-29 11:04:31,2,9,33.4,14,3,3,1.46
2025-11-29 11:04:31,0,0,33.4,14,3,3,1.46
2025-11-29 11:04:31,0,0,33.4,12,3,3,1.46
2025-11-29 11:04:32,2,9,33.5,13,3,3,1.46
2025-11-29 11:04:32,1,5,33.5,12,3,2,1.42
2025-11-29 11:04:33,2,9,33.5,14,3,2,1.42
2025-11-29 11:04:33,2,9,33.5,12,3,2,1.42
2025-11-29 11:04:33,1,5,33.5,14,3,1,1.42
2025-11-29 11:04:34,5,7,33.5,10,3,1,1.42
2025-11-29 11:04:34,1,5,33.5,14,3,1,1.42
2025-11-29 11:04:34,1,5,33.5,14,3,0,1.42
2025-11-29 11:04:35,2,9,33.5,14,3,0,1.42
2025-11-29 11:04:35,1,5,33.5,14,3,0,1.42
2025-11-29 11:04:35,1,4,33.5,12,3,0,1.42
2025-11-29 11:04:36,0,0,33.5,13,3,0,1.42
2025-11-29 11:04:36,1,5,33.5,14,3,0,1.42
2025-11-29 11:04:37,10,3,33.4,14,3,0,1.42
2025-11-29 11:04:37,1,4,33.4,14,3,0,1.42
2025-11-29 11:04:37,1,4,33.4,14,3,0,1.39
2025-11-29 11:04:38,1,5,33.4,14,3,0,1.39
2025-11-29 11:04:38,4,3,33.4,14,3,0,1.39
2025-11-29 11:04:38,2,9,33.4,12,3,0,1.39
2025-11-29 11:04:39,6,0,33.4,13,3,0,1.39
2025-11-29 11:04:39,2,9,33.4,14,3,0,1.39
2025-11-29 11:04:39,1,5,33.4,14,3,0,1.39
2025-11-29 11:04:40,1,5,33.4,14,3,0,1.39
2025-11-29 11:04:40,1,4,33.4,14,3,0,1.39
2025-11-29 11:04:41,1,5,33.4,13,3,0,1.39
2025-11-29 11:04:41,0,0,33.5,14,3,0,1.39
2025-11-29 11:04:41,1,5,33.5,12,3,0,1.39
2025-11-29 11:04:42,2,9,33.5,14,3,0,1.39
2025-11-29 11:04:42,2,9,33.5,10,3,0,1.39
2025-11-29 11:04:42,2,9,33.5,14,3,0,1.44
2025-11-29 11:04:43,1,4,33.4,14,3,0,1.44
2025-11-29 11:04:43,1,4,33.4,14,3,0,1.44
2025-11-29 11:04:43,1,5,33.4,14,3,0,1.44
2025-11-29 11:04:44,0,0,33.5,12,3,0,1.44
2025-11-29 11:04:44,1,4,33.5,14,3,0,1.44
2025-11-29 11:04:45,4,4,33.5,13,3,0,1.44
2025-11-29 11:04:45,1,5,33.5,14,3,0,1.44
2025-11-29 11:04:45,28,9,33.5,12,3,0,1.44
2025-11-29 11:04:46,2,9,33.4,14,3,0,1.44
2025-11-29 11:04:46,1,5,33.4,11,3,0,1.44
2025-11-29 11:04:46,2,9,33.4,14,3,0,1.44
2025-11-29 11:04:47,0,0,33.4,14,3,0,1.44
2025-11-29 11:04:47,1,5,33.4,14,3,0,1.48
2025-11-29 11:04:47,1,5,33.4,14,3,0,1.48
2025-11-29 11:04:48,2,9,33.4,14,3,0,1.48
2025-11-29 11:04:48,1,5,33.4,14,3,0,1.48
2025-11-29 11:04:49,1,5,33.4,12,3,0,1.48
2025-11-29 11:04:49,2,9,33.4,14,3,0,1.48
2025-11-29 11:04:49,1,4,33.4,14,3,0,1.48
2025-11-29 11:04:50,2,9,33.4,15,3,0,1.48
2025-11-29 11:04:50,0,0,33.4,14,3,0,1.48
2025-11-29 11:04:50,1,5,33.4,14,3,0,1.48
2025-11-29 11:04:51,1,5,33.4,15,3,0,1.48
2025-11-29 11:04:51,4,5,33.4,11,3,0,1.48
2025-11-29 11:04:51,1,5,33.4,12,3,0,1.48
2025-11-29 11:04:52,3,0,33.4,13,3,0,1.48
2025-11-29 11:04:52,2,9,33.4,14,3,0,2.33
2025-11-29 11:04:53,1,5,33.4,14,3,0,2.33
2025-11-29 11:04:53,0,0,33.4,14,3,0,2.33
2025-11-29 11:04:53,2,9,33.4,14,3,0,2.33
2025-11-29 11:04:54,5,9,33.4,10,3,0,2.33
2025-11-29 11:04:54,1,5,33.4,12,3,0,2.33
2025-11-29 11:04:54,2,9,33.4,14,3,0,2.33
2025-11-29 11:04:55,0,0,33.4,13,3,0,2.33
2025-11-29 11:04:55,2,9,33.4,14,3,0,2.33
2025-11-29 11:04:55,1,5,33.4,11,3,0,2.33
2025-11-29 11:04:56,2,9,33.4,12,3,0,2.33
2025-11-29 11:04:56,1,5,33.4,14,3,0,2.33
2025-11-29 11:04:56,10,4,33.4,13,3,0,2.33
2025-11-29 11:04:57,0,0,33.4,14,3,0,2.33
2025-11-29 11:04:57,0,0,33.4,13,3,0,2.54
2025-11-29 11:04:58,1,5,33.4,14,3,0,2.54
2025-11-29 11:04:58,1,5,33.4,14,3,0,2.54
2025-11-29 11:04:58,1,5,33.4,14,3,0,2.54
2025-11-29 11:04:59,4,4,33.4,10,3,0,2.54
2025-11-29 11:04:59,2,9,33.5,13,3,0,2.54
2025-11-29 11:04:59,4,3,33.5,14,3,0,2.54
2025-11-29 11:05:00,4,3,33.5,12,3,0,2.54
2025-11-29 11:05:00,1,5,33.5,14,3,0,2.54
2025-11-29 11:05:00,2,9,33.5,10,3,0,2.54
2025-11-29 11:05:01,1,5,33.5,10,3,1,2.54
2025-11-29 11:05:01,1,5,33.5,10,3,1,2.54
2025-11-29 11:05:02,2,9,33.5,14,3,1,2.54
2025-11-29 11:05:02,1,5,33.5,13,3,1,2.54
2025-11-29 11:05:02,4,4,33.5,10,3,1,2.90
2025-11-29 11:05:03,1,5,33.5,14,3,1,2.90
2025-11-29 11:05:03,2,9,33.5,13,3,1,2.90
2025-11-29 11:05:03,24,3,33.5,13,3,1,2.90
2025-11-29 11:05:04,1,5,33.5,13,3,1,2.90
2025-11-29 11:05:04,0,0,33.4,13,3,1,2.90
2025-11-29 11:05:04,1,5,33.4,14,3,1,2.90
2025-11-29 11:05:05,1,5,33.4,11,3,1,2.90
2025-11-29 11:05:05,1,5,33.4,14,3,1,2.90
2025-11-29 11:05:06,1,5,33.4,14,3,1,2.90
2025-11-29 11:05:06,1,5,33.3,13,3,0,2.90
2025-11-29 11:05:06,2,9,33.3,14,3,0,2.90
2025-11-29 11:05:07,1,4,33.2,13,3,0,2.90
2025-11-29 11:05:07,1,5,33.3,14,3,0,2.66
2025-11-29 11:05:07,1,5,33.3,14,3,0,2.66
2025-11-29 11:05:08,1,5,33.2,13,3,0,2.66
2025-11-29 11:05:08,1,5,33.2,13,3,0,2.66
2025-11-29 11:05:08,1,5,33.2,13,3,0,2.66
2025-11-29 11:05:09,1,5,33.3,14,3,0,2.66
2025-11-29 11:05:09,0,0,33.2,10,3,0,2.66
2025-11-29 11:05:10,1,5,33.2,14,3,0,2.66
2025-11-29 11:05:10,1,5,33.2,14,3,0,2.66
2025-11-29 11:05:10,2,9,33.1,14,3,0,2.66
2025-11-29 11:05:11,4,3,33.2,14,3,0,2.66
2025-11-29 11:05:11,1,5,33.2,14,3,0,2.66
2025-11-29 11:05:11,1,5,33.2,14,3,0,2.66
2025-11-29 11:05:12,1,5,33.2,13,3,0,2.66
2025-11-29 11:05:12,2,9,33.2,14,3,0,2.45
2025-11-29 11:05:12,5,7,33.2,14,3,0,2.45
2025-11-29 11:05:13,1,5,33.1,13,3,0,2.45
2025-11-29 11:05:13,1,4,33.1,14,3,0,2.45
2025-11-29 11:05:14,1,5,33.1,14,3,0,2.45
2025-11-29 11:05:14,0,0,33.1,14,3,0,2.45
2025-11-29 11:05:14,1,5,33.1,14,3,0,2.45
2025-11-29 11:05:15,2,9,33.2,13,3,0,2.45
2025-11-29 11:05:15,1,5,33.2,11,3,0,2.45
2025-11-29 11:05:15,1,5,33.2,14,3,0,2.45
2025-11-29 11:05:16,2,9,33.2,14,3,0,2.45
2025-11-29 11:05:16,2,9,33.3,14,3,0,2.45
2025-11-29 11:05:16,0,0,33.3,10,3,0,2.45
2025-11-29 11:05:17,3,0,33.3,12,3,0,2.45
2025-11-29 11:05:17,0,0,33.2,14,3,0,2.25
2025-11-29 11:05:17,1,5,33.2,13,3,0,2.25
2025-11-29 11:05:18,2,9,33.3,14,3,0,2.25
2025-11-29 11:05:18,2,9,33.3,14,3,0,2.25
2025-11-29 11:05:19,4,4,33.3,11,3,0,2.25
2025-11-29 11:05:19,1,5,33.3,14,3,0,2.25
2025-11-29 11:05:19,1,5,33.3,14,3,0,2.25
2025-11-29 11:05:20,3,0,33.3,13,3,0,2.25
2025-11-29 11:05:20,0,0,33.3,14,3,0,2.25
2025-11-29 11:05:20,1,5,33.4,13,3,0,2.25
2025-11-29 11:05:21,1,5,33.4,14,3,0,2.25
2025-11-29 11:05:21,2,9,33.4,13,3,0,2.25
2025-11-29 11:05:21,26,0,33.3,13,3,0,2.25
2025-11-29 11:05:22,2,9,33.2,11,3,0,2.25
2025-11-29 11:05:22,0,0,33.2,14,3,0,2.07
2025-11-29 11:05:23,2,9,33.1,14,3,0,2.07
2025-11-29 11:05:23,2,9,33.1,14,3,0,2.07
2025-11-29 11:05:23,2,9,33.1,14,3,0,2.07
2025-11-29 11:05:24,3,0,33.1,10,3,0,2.07
2025-11-29 11:05:24,1,5,33.1,14,3,0,2.07
2025-11-29 11:05:24,0,0,33.1,11,3,0,2.07
2025-11-29 11:05:25,1,5,32.9,13,3,0,2.07
2025-11-29 11:05:25,1,5,33.0,14,3,0,2.07
2025-11-29 11:05:25,1,5,32.9,14,3,0,2.07
2025-11-29 11:05:26,1,5,33.0,14,3,0,2.07
2025-11-29 11:05:26,2,9,33.0,11,3,0,2.07
2025-11-29 11:05:27,7,5,33.1,14,3,0,2.07
2025-11-29 11:05:27,1,5,33.1,14,3,0,2.07
2025-11-29 11:05:27,0,0,33.1,14,3,0,1.99
2025-11-29 11:05:28,1,5,33.1,11,3,0,1.99
2025-11-29 11:05:28,0,0,33.2,14,3,0,1.99
2025-11-29 11:05:28,1,5,33.2,14,3,0,1.99
2025-11-29 11:05:29,3,0,33.1,12,3,0,1.99
2025-11-29 11:05:29,1,4,33.2,14,3,0,1.99
2025-11-29 11:05:29,3,0,33.2,14,3,0,1.99
2025-11-29 11:05:30,1,5,33.2,13,3,0,1.99
2025-11-29 11:05:30,0,0,33.2,14,3,0,1.99
2025-11-29 11:05:30,1,5,33.3,14,3,0,1.99
2025-11-29 11:05:31,1,5,33.3,14,3,0,1.99
2025-11-29 11:05:31,1,5,33.3,14,3,0,1.99
2025-11-29 11:05:32,0,0,33.3,14,3,0,1.99
2025-11-29 11:05:32,3,0,33.3,14,3,0,1.99
2025-11-29 11:05:32,5,9,33.3,11,3,0,1.91
2025-11-29 11:05:33,1,5,33.3,14,3,1,1.91
2025-11-29 11:05:33,0,0,33.3,14,3,1,1.91
2025-11-29 11:05:33,1,5,33.3,14,3,1,1.91
2025-11-29 11:05:34,3,0,33.3,13,3,1,1.91
2025-11-29 11:05:34,1,5,33.3,14,3,1,1.91
2025-11-29 11:05:34,1,5,33.3,14,3,1,1.91
2025-11-29 11:05:35,2,9,33.3,14,3,1,1.91
2025-11-29 11:05:35,0,0,33.3,14,3,1,1.91
2025-11-29 11:05:36,3,0,33.3,14,3,1,1.91
2025-11-29 11:05:36,0,0,33.3,12,3,1,1.91
2025-11-29 11:05:36,1,5,33.3,14,3,1,1.91
2025-11-29 11:05:37,4,4,33.3,14,3,1,1.91
2025-11-29 11:05:37,1,5,33.4,14,3,1,1.91
2025-11-29 11:05:37,2,9,33.4,14,3,1,1.84
2025-11-29 11:05:38,1,5,33.2,14,3,0,1.84
2025-11-29 11:05:38,2,9,33.2,10,3,0,1.84
2025-11-29 11:05:38,1,5,33.2,14,3,0,1.84
2025-11-29 11:05:39,0,0,33.3,14,3,0,1.84
2025-11-29 11:05:39,1,5,33.3,14,3,0,1.84
2025-11-29 11:05:40,24,0,33.3,14,3,0,1.84
2025-11-29 11:05:40,2,9,33.3,14,3,0,1.84
2025-11-29 11:05:40,1,5,33.3,14,3,0,1.84
2025-11-29 11:05:41,0,0,33.3,14,3,0,1.84
2025-11-29 11:05:41,1,5,33.3,14,3,0,1.84
2025-11-29 11:05:41,1,5,33.3,14,3,0,1.84
2025-11-29 11:05:42,0,0,33.3,13,3,0,1.84
2025-11-29 11:05:42,1,4,33.3,14,3,0,1.69
2025-11-29 11:05:42,1,5,33.3,14,3,0,1.69
2025-11-29 11:05:43,2,9,33.3,14,3,0,1.69
2025-11-29 11:05:43,2,9,33.3,14,3,0,1.69
2025-11-29 11:05:44,1,5,33.3,14,3,0,1.69
2025-11-29 11:05:44,3,0,33.3,13,3,0,1.69
2025-11-29 11:05:44,0,0,33.3,12,3,0,1.69
2025-11-29 11:05:45,0,0,33.3,11,3,0,1.69
2025-11-29 11:05:45,1,5,33.3,14,3,0,1.69
2025-11-29 11:05:45,1,5,33.3,14,3,0,1.69
2025-11-29 11:05:46,0,0,33.3,14,3,0,1.69
2025-11-29 11:05:46,0,0,33.3,14,3,0,1.69
2025-11-29 11:05:46,1,5,33.3,10,3,0,1.69
2025-11-29 11:05:47,1,5,33.2,14,3,0,1.69
2025-11-29 11:05:47,1,5,33.2,13,3,0,1.55
2025-11-29 11:05:47,0,0,33.2,14,3,0,1.55
2025-11-29 11:05:48,0,0,33.1,14,3,0,1.55
2025-11-29 11:05:48,3,0,33.1,14,3,0,1.55
2025-11-29 11:05:49,1,5,33.1,10,3,0,1.55
2025-11-29 11:05:49,1,5,33.2,14,3,0,1.55
2025-11-29 11:05:49,1,4,33.2,14,3,0,1.55
2025-11-29 11:05:50,2,9,33.2,13,3,0,1.55
2025-11-29 11:05:50,1,4,33.2,14,3,0,1.55
2025-11-29 11:05:50,1,5,33.2,14,3,0,1.55
2025-11-29 11:05:51,2,9,33.2,13,3,0,1.55
2025-11-29 11:05:51,1,5,33.2,14,3,0,1.55
2025-11-29 11:05:51,1,5,33.2,13,3,0,1.55
2025-11-29 11:05:52,1,5,33.2,13,3,0,1.55
2025-11-29 11:05:52,1,5,33.2,10,3,0,1.43
2025-11-29 11:05:53,1,5,33.2,14,3,0,1.43
2025-11-29 11:05:53,2,9,33.2,10,3,0,1.43
2025-11-29 11:05:53,1,5,33.2,14,3,0,1.43
2025-11-29 11:05:54,4,5,33.2,10,3,0,1.43
2025-11-29 11:05:54,1,5,33.2,14,3,0,1.43
2025-11-29 11:05:54,1,5,33.2,14,3,0,1.43
2025-11-29 11:05:55,3,0,33.2,13,3,0,1.43
2025-11-29 11:05:55,0,0,33.2,14,3,0,1.43
2025-11-29 11:05:55,0,0,33.2,10,3,0,1.43
2025-11-29 11:05:56,1,5,33.2,14,3,0,1.43
2025-11-29 11:05:56,1,5,33.3,13,3,0,1.43
2025-11-29 11:05:56,7,5,33.2,13,3,0,1.43
2025-11-29 11:05:57,1,5,33.2,14,3,0,1.43
2025-11-29 11:05:57,2,9,33.2,14,3,0,1.31
2025-11-29 11:05:58,27,8,33.2,13,3,0,1.31
2025-11-29 11:05:58,1,5,33.1,14,3,0,1.31
2025-11-29 11:05:58,1,5,33.1,14,3,0,1.31
2025-11-29 11:05:59,13,4,33.1,11,3,0,1.31
2025-11-29 11:05:59,0,0,33.1,14,3,0,1.31
2025-11-29 11:05:59,2,9,33.1,11,3,0,1.31
2025-11-29 11:06:00,1,5,33.1,14,3,0,1.31
2025-11-29 11:06:00,1,5,33.1,14,3,0,1.31
2025-11-29 11:06:00,3,0,33.1,14,3,0,1.31
2025-11-29 11:06:01,1,5,33.1,14,3,0,1.31
2025-11-29 11:06:01,1,5,33.1,14,3,0,1.31
2025-11-29 11:06:02,0,0,33.1,14,3,0,1.31
2025-11-29 11:06:02,1,4,33.1,14,3,0,1.31
2025-11-29 11:06:02,2,9,33.1,14,3,0,1.29
2025-11-29 11:06:03,1,5,33.1,14,3,0,1.29
2025-11-29 11:06:03,2,9,33.1,14,3,0,1.29
2025-11-29 11:06:03,1,5,33.1,11,3,0,1.29
2025-11-29 11:06:04,1,5,33.2,14,3,0,1.29
2025-11-29 11:06:04,3,0,33.2,14,3,0,1.29
2025-11-29 11:06:04,1,5,33.2,14,3,0,1.29
2025-11-29 11:06:05,13,8,33.2,14,3,0,1.29
2025-11-29 11:06:05,1,5,33.2,14,3,0,1.29
2025-11-29 11:06:06,1,5,33.2,14,3,0,1.29
2025-11-29 11:06:06,1,5,33.2,14,3,0,1.29
2025-11-29 11:06:06,2,9,33.2,13,3,0,1.29
2025-11-29 11:06:07,1,5,33.1,14,3,0,1.29
2025-11-29 11:06:07,1,5,33.1,13,3,0,1.29
2025-11-29 11:06:07,2,9,33.1,14,3,0,1.26
2025-11-29 11:06:08,1,5,33.2,14,3,0,1.26
2025-11-29 11:06:08,1,5,33.1,14,3,0,1.26
2025-11-29 11:06:08,1,5,33.1,15,3,0,1.26
2025-11-29 11:06:09,2,9,33.1,14,3,0,1.26
2025-11-29 11:06:09,1,5,33.0,14,3,0,1.26
2025-11-29 11:06:10,1,5,33.0,14,3,0,1.26
2025-11-29 11:06:10,2,9,33.0,13,3,0,1.26
2025-11-29 11:06:10,1,5,33.1,14,3,0,1.26
2025-11-29 11:06:11,1,5,33.1,14,3,0,1.26
2025-11-29 11:06:11,1,4,33.2,14,3,0,1.26
2025-11-29 11:06:11,1,5,33.2,14,3,0,1.26
2025-11-29 11:06:12,0,0,33.2,14,3,0,1.26
2025-11-29 11:06:12,1,5,33.2,14,3,0,1.16
2025-11-29 11:06:12,0,0,33.1,13,3,0,1.16
2025-11-29 11:06:13,1,5,33.2,14,3,0,1.16
2025-11-29 11:06:13,1,5,33.2,14,3,0,1.16
2025-11-29 11:06:14,2,9,33.2,14,3,0,1.16
2025-11-29 11:06:14,2,9,33.2,13,3,0,1.16
2025-11-29 11:06:14,2,9,33.2,13,3,0,1.16
2025-11-29 11:06:15,2,9,33.2,13,3,0,1.16
2025-11-29 11:06:15,1,5,33.2,14,3,0,1.16
2025-11-29 11:06:15,1,5,33.2,14,3,0,1.16
2025-11-29 11:06:16,24,3,33.1,13,3,0,1.16
2025-11-29 11:06:16,1,4,33.1,14,3,0,1.16
2025-11-29 11:06:16,3,0,33.0,10,3,0,1.16
2025-11-29 11:06:17,2,9,33.1,14,3,0,1.16
2025-11-29 11:06:17,0,0,33.1,13,3,0,1.07
2025-11-29 11:06:18,3,0,33.0,14,3,0,1.07
2025-11-29 11:06:18,1,5,33.0,14,3,0,1.07
2025-11-29 11:06:18,1,5,33.0,14,3,0,1.07
2025-11-29 11:06:19,3,0,33.0,10,3,0,1.07
2025-11-29 11:06:19,1,5,33.1,14,3,0,1.07
2025-11-29 11:06:19,2,9,33.1,13,3,0,1.07
2025-11-29 11:06:20,2,9,33.1,14,3,0,1.07
2025-11-29 11:06:20,1,5,33.1,14,3,0,1.07
2025-11-29 11:06:20,0,0,33.1,14,3,0,1.07
2025-11-29 11:06:21,1,5,33.1,14,3,0,1.07
2025-11-29 11:06:21,4,3,33.1,14,3,0,1.07
2025-11-29 11:06:21,1,5,33.1,14,3,0,1.07
2025-11-29 11:06:22,0,0,33.1,14,3,0,1.07
2025-11-29 11:06:22,1,5,33.1,14,3,0,0.98
2025-11-29 11:06:23,1,5,33.1,14,3,0,0.98
2025-11-29 11:06:23,1,5,33.1,14,3,0,0.98
2025-11-29 11:06:23,0,0,33.1,14,3,0,0.98
2025-11-29 11:06:24,3,0,33.1,10,3,0,0.98
2025-11-29 11:06:24,3,0,33.2,14,3,0,0.98
2025-11-29 11:06:24,1,5,33.2,14,3,0,0.98
2025-11-29 11:06:25,3,0,33.1,14,3,0,0.98
2025-11-29 11:06:25,1,5,33.1,14,3,0,0.98
2025-11-29 11:06:25,1,5,33.1,13,3,0,0.98
2025-11-29 11:06:26,0,0,33.1,13,3,0,0.98
2025-11-29 11:06:26,2,9,33.2,11,3,0,0.98
2025-11-29 11:06:27,7,6,33.1,13,3,0,0.98
2025-11-29 11:06:27,1,5,33.1,14,3,0,0.98
2025-11-29 11:06:27,1,5,33.1,10,3,0,0.90
2025-11-29 11:06:28,1,5,33.1,14,3,0,0.90
2025-11-29 11:06:28,1,5,33.1,11,3,0,0.90
2025-11-29 11:06:28,1,5,33.1,14,3,0,0.90
2025-11-29 11:06:29,2,9,33.1,13,3,0,0.90
2025-11-29 11:06:29,1,4,33.1,14,3,0,0.90
2025-11-29 11:06:29,1,5,33.1,10,3,0,0.90
2025-11-29 11:06:30,3,0,33.1,14,3,0,0.90
2025-11-29 11:06:30,1,5,33.1,14,3,0,0.90
2025-11-29 11:06:30,1,5,33.1,14,3,0,0.90
2025-11-29 11:06:31,1,5,33.1,14,3,0,0.90
2025-11-29 11:06:31,1,5,33.2,14,3,1,0.90
2025-11-29 11:06:32,1,5,33.2,14,3,1,0.90
2025-11-29 11:06:32,0,0,33.2,14,3,1,0.90
2025-11-29 11:06:32,0,0,33.2,10,3,1,0.99
2025-11-29 11:06:33,1,5,33.2,11,3,1,0.99
2025-11-29 11:06:33,1,5,33.2,14,3,1,0.99
2025-11-29 11:06:33,2,9,33.2,14,3,1,0.99
2025-11-29 11:06:34,34,2,33.2,13,3,0,0.99
2025-11-29 11:06:34,1,5,33.2,14,3,1,0.99
2025-11-29 11:06:34,1,5,33.1,12,3,1,0.99
2025-11-29 11:06:35,0,0,33.1,14,3,1,0.99
2025-11-29 11:06:35,2,9,33.1,14,3,2,0.99
2025-11-29 11:06:36,1,5,33.1,14,3,2,0.99
2025-11-29 11:06:36,5,9,33.1,10,3,2,0.99
2025-11-29 11:06:36,3,0,33.1,14,3,4,0.99
2025-11-29 11:06:37,3,0,33.1,14,3,4,0.99
2025-11-29 11:06:37,10,1,33.2,10,3,4,0.99
2025-11-29 11:06:37,0,0,33.2,14,3,5,0.99
2025-11-29 11:06:38,2,9,33.2,14,3,5,0.99
2025-11-29 11:06:38,4,3,33.2,14,3,6,0.99
2025-11-29 11:06:38,2,9,33.2,14,3,6,0.99
2025-11-29 11:06:39,1,5,33.3,11,3,6,0.99
2025-11-29 11:06:39,2,9,33.3,14,3,5,0.99
2025-11-29 11:06:40,1,5,33.3,11,3,5,0.99
2025-11-29 11:06:40,0,0,33.3,14,3,5,0.99
2025-11-29 11:06:40,0,0,33.3,13,3,5,0.99
2025-11-29 11:06:41,3,0,33.3,14,3,5,0.99
2025-11-29 11:06:41,1,5,33.3,14,3,5,0.99
2025-11-29 11:06:41,2,9,33.3,14,3,3,0.99
2025-11-29 11:06:42,1,5,33.3,14,3,3,0.99
2025-11-29 11:06:42,0,0,33.3,13,3,3,0.99
2025-11-29 11:06:42,2,9,33.3,14,3,3,0.99
2025-11-29 11:06:43,1,5,33.3,14,3,3,0.99
2025-11-29 11:06:43,1,5,33.3,13,3,2,0.99
2025-11-29 11:06:44,1,5,33.3,14,3,2,0.99
2025-11-29 11:06:44,0,0,33.4,14,3,2,0.99
2025-11-29 11:06:44,1,5,33.4,14,3,2,0.99
2025-11-29 11:06:45,1,5,33.4,14,3,1,0.99
2025-11-29 11:06:45,1,5,33.4,14,3,1,0.99
2025-11-29 11:06:45,1,5,33.4,11,3,1,0.99
2025-11-29 11:06:46,2,9,33.5,14,3,1,0.99
2025-11-29 11:06:46,1,5,33.5,14,3,0,0.99
2025-11-29 11:06:46,1,5,33.4,10,3,0,0.99
2025-11-29 11:06:47,1,5,33.4,14,3,0,0.99
2025-11-29 11:06:47,1,5,33.4,12,3,0,0.91
2025-11-29 11:06:47,1,5,33.4,14,3,0,0.91
2025-11-29 11:06:48,1,5,33.4,14,3,0,0.91
2025-11-29 11:06:48,0,0,33.5,14,3,0,0.91
2025-11-29 11:06:49,1,5,33.5,11,3,0,0.91
2025-11-29 11:06:49,1,5,33.5,14,3,0,0.91
2025-11-29 11:06:49,1,5,33.5,14,3,0,0.91
2025-11-29 11:06:50,2,9,33.5,12,3,0,0.91
2025-11-29 11:06:50,1,5,33.5,14,3,0,0.91
2025-11-29 11:06:50,0,0,33.5,10,3,0,0.91
2025-11-29 11:06:51,3,0,33.5,14,3,0,0.91
2025-11-29 11:06:51,28,2,33.4,13,3,0,0.91
2025-11-29 11:06:51,3,0,33.4,14,3,0,0.91
2025-11-29 11:06:52,1,5,33.3,14,3,1,0.91
2025-11-29 11:06:52,2,9,33.3,14,3,1,0.84
2025-11-29 11:06:53,0,0,33.3,14,3,1,0.84
2025-11-29 11:06:53,0,0,33.2,13,3,1,0.84
2025-11-29 11:06:53,1,5,33.2,14,3,2,0.84
2025-11-29 11:06:54,7,6,33.2,10,3,2,0.84
2025-11-29 11:06:54,1,5,33.1,14,3,2,0.84
2025-11-29 11:06:54,1,5,33.2,10,3,2,0.84
2025-11-29 11:06:55,4,5,33.3,14,3,2,0.84
2025-11-29 11:06:55,2,9,33.2,14,3,2,0.84
2025-11-29 11:06:55,1,5,33.1,13,3,2,0.84
2025-11-29 11:06:56,1,5,33.1,14,3,2,0.84
2025-11-29 11:06:56,2,9,33.1,14,3,2,0.84
2025-11-29 11:06:57,9,1,33.2,14,3,2,0.84
2025-11-29 11:06:57,4,3,33.2,13,3,1,0.84
2025-11-29 11:06:57,1,5,33.2,14,3,1,0.77
2025-11-29 11:06:58,0,0,33.2,14,3,1,0.77
2025-11-29 11:06:58,0,0,33.2,14,3,0,0.77
2025-11-29 11:06:58,1,5,33.3,14,3,0,0.77
2025-11-29 11:06:59,3,1,33.3,13,3,0,0.77
2025-11-29 11:06:59,1,5,33.3,14,3,0,0.77
2025-11-29 11:06:59,1,5,33.3,14,3,0,0.77
2025-11-29 11:07:00,3,0,33.3,14,3,0,0.77
2025-11-29 11:07:00,0,0,33.3,13,3,0,0.77
2025-11-29 11:07:00,4,5,33.3,14,3,0,0.77
2025-11-29 11:07:01,1,5,33.3,14,3,0,0.77
2025-11-29 11:07:01,1,5,33.3,14,3,0,0.77
2025-11-29 11:07:02,1,5,33.2,14,3,0,0.77
2025-11-29 11:07:02,1,5,33.3,14,3,0,0.77
2025-11-29 11:07:02,1,5,33.3,14,3,0,0.71
2025-11-29 11:07:03,0,0,33.3,10,3,0,0.71
2025-11-29 11:07:03,2,9,33.2,14,3,0,0.71
2025-11-29 11:07:03,1,5,33.2,11,3,0,0.71
2025-11-29 11:07:04,5,8,33.2,14,3,0,0.71
2025-11-29 11:07:04,0,0,33.2,14,3,0,0.71
2025-11-29 11:07:04,1,5,33.2,14,3,0,0.71
2025-11-29 11:07:05,1,5,33.2,14,3,0,0.71
2025-11-29 11:07:05,1,5,33.2,14,3,0,0.71
2025-11-29 11:07:06,0,0,33.3,14,3,0,0.71
2025-11-29 11:07:06,0,0,33.3,14,3,0,0.71
2025-11-29 11:07:06,1,5,33.3,14,3,0,0.71
2025-11-29 11:07:07,2,9,33.2,14,3,0,0.71
2025-11-29 11:07:07,1,5,33.2,14,3,0,0.71
2025-11-29 11:07:07,3,0,33.2,14,3,0,0.82
2025-11-29 11:07:08,0,0,33.2,14,3,0,0.82
2025-11-29 11:07:08,2,9,33.2,14,3,0,0.82
2025-11-29 11:07:08,3,0,33.2,13,3,0,0.82
2025-11-29 11:07:09,1,5,33.3,14,3,0,0.82
2025-11-29 11:07:09,26,0,33.3,14,3,0,0.82
2025-11-29 11:07:10,1,5,33.3,11,3,1,0.82
2025-11-29 11:07:10,1,5,33.3,14,3,1,0.82
2025-11-29 11:07:10,0,0,33.2,14,3,1,0.82
2025-11-29 11:07:11,1,5,33.2,14,3,1,0.82
2025-11-29 11:07:11,2,9,33.2,14,3,1,0.82
2025-11-29 11:07:11,0,0,33.1,14,3,1,0.82
2025-11-29 11:07:12,1,5,33.0,13,3,1,0.82
2025-11-29 11:07:12,1,5,33.0,14,3,1,0.99
2025-11-29 11:07:12,0,0,33.0,14,3,1,0.99
2025-11-29 11:07:13,0,0,33.1,11,3,1,0.99
2025-11-29 11:07:13,1,5,33.1,13,3,1,0.99
2025-11-29 11:07:14,1,5,33.1,14,3,1,0.99
2025-11-29 11:07:14,0,0,33.1,13,3,1,0.99
2025-11-29 11:07:14,2,9,33.1,14,3,1,0.99
2025-11-29 11:07:15,6,9,33.2,14,3,0,0.99
2025-11-29 11:07:15,1,5,33.2,14,3,0,0.99
2025-11-29 11:07:15,2,9,33.1,14,3,0,0.99
2025-11-29 11:07:16,1,5,33.1,14,3,0,0.99
2025-11-29 11:07:16,1,5,33.1,13,3,0,0.99
2025-11-29 11:07:16,6,0,33.1,10,3,0,0.99
2025-11-29 11:07:17,1,4,33.1,14,3,0,0.99
2025-11-29 11:07:17,1,5,33.1,13,3,0,0.91
2025-11-29 11:07:18,2,9,33.1,14,3,0,0.91
2025-11-29 11:07:18,1,5,33.2,13,3,0,0.91
2025-11-29 11:07:18,0,0,33.2,11,3,0,0.91
2025-11-29 11:07:19,3,0,33.2,10,3,0,0.91
2025-11-29 11:07:19,0,0,33.2,14,3,0,0.91
2025-11-29 11:07:19,0,0,33.3,14,3,0,0.91
2025-11-29 11:07:20,2,9,33.3,14,3,0,0.91
2025-11-29 11:07:20,2,9,33.3,14,3,0,0.91
2025-11-29 11:07:20,0,0,33.3,12,3,0,0.91
2025-11-29 11:07:21,1,5,33.3,14,3,0,0.91
2025-11-29 11:07:21,1,5,33.3,13,3,0,0.91
2025-11-29 11:07:21,1,4,33.3,14,3,0,0.91
2025-11-29 11:07:22,1,5,33.3,14,3,0,0.91
2025-11-29 11:07:22,2,9,33.3,14,3,0,0.84
2025-11-29 11:07:23,1,5,33.3,14,3,0,0.84
2025-11-29 11:07:23,1,5,33.3,14,3,0,0.84
2025-11-29 11:07:23,0,0,33.2,14,3,0,0.84
2025-11-29 11:07:24,2,9,33.2,11,3,0,0.84
2025-11-29 11:07:24,1,5,33.3,14,3,0,0.84
2025-11-29 11:07:24,1,5,33.3,14,3,0,0.84
2025-11-29 11:07:25,4,4,33.3,13,3,0,0.84
2025-11-29 11:07:25,1,5,33.2,11,3,0,0.84
2025-11-29 11:07:25,1,5,33.3,10,3,0,0.84
2025-11-29 11:07:26,1,5,33.3,12,3,0,0.84
2025-11-29 11:07:26,2,9,33.3,14,3,0,0.84
2025-11-29 11:07:27,8,8,33.3,14,3,0,0.84
2025-11-29 11:07:27,1,5,33.4,14,3,0,0.84
2025-11-29 11:07:27,27,4,33.4,13,3,0,1.09
2025-11-29 11:07:28,1,5,33.4,14,3,0,1.09
2025-11-29 11:07:28,1,5,33.4,13,3,0,1.09
2025-11-29 11:07:28,1,5,33.4,13,3,0,1.09
2025-11-29 11:07:29,4,3,33.5,13,3,0,1.09
2025-11-29 11:07:29,0,0,33.5,14,3,0,1.09
2025-11-29 11:07:29,1,5,33.5,14,3,0,1.09
2025-11-29 11:07:30,1,5,33.4,14,3,0,1.09
2025-11-29 11:07:30,1,5,33.4,13,3,0,1.09
2025-11-29 11:07:31,0,0,33.4,14,3,0,1.09
2025-11-29 11:07:31,1,5,33.4,14,3,0,1.09
2025-11-29 11:07:31,1,5,33.4,13,3,0,1.09
2025-11-29 11:07:32,2,9,33.4,14,3,0,1.09
2025-11-29 11:07:32,1,5,33.4,14,3,0,1.09
2025-11-29 11:07:32,2,9,33.3,14,3,0,1.08
2025-11-29 11:07:33,1,5,33.3,14,3,0,1.08
2025-11-29 11:07:33,0,0,33.3,14,3,0,1.08
2025-11-29 11:07:33,1,5,33.3,14,3,0,1.08
2025-11-29 11:07:34,1,5,33.3,14,3,0,1.08
2025-11-29 11:07:34,0,0,33.3,14,3,0,1.08
2025-11-29 11:07:35,1,5,33.3,14,3,0,1.08
2025-11-29 11:07:35,2,9,33.4,14,3,0,1.08
2025-11-29 11:07:35,2,9,33.3,14,3,0,1.08
2025-11-29 11:07:36,1,4,33.3,14,3,0,1.08
2025-11-29 11:07:36,1,5,33.3,13,3,0,1.08
2025-11-29 11:07:36,1,5,33.3,14,3,0,1.08
2025-11-29 11:07:37,1,5,33.3,13,3,0,1.08
2025-11-29 11:07:37,1,5,33.3,14,3,0,1.08
2025-11-29 11:07:37,1,5,33.3,14,3,0,1.16
2025-11-29 11:07:38,1,5,33.3,14,3,0,1.16
2025-11-29 11:07:38,0,0,33.3,14,3,0,1.16
2025-11-29 11:07:39,3,0,33.3,14,3,0,1.16
2025-11-29 11:07:39,1,5,33.3,14,3,0,1.16
2025-11-29 11:07:39,2,9,33.4,14,3,0,1.16
2025-11-29 11:07:40,1,5,33.4,14,3,0,1.16
2025-11-29 11:07:40,0,0,33.4,14,3,0,1.16
2025-11-29 11:07:40,2,9,33.4,14,3,0,1.16
2025-11-29 11:07:41,0,0,33.4,14,3,0,1.16
2025-11-29 11:07:41,1,5,33.5,11,3,0,1.16
2025-11-29 11:07:41,1,5,33.5,14,3,0,1.16
2025-11-29 11:07:42,1,5,33.5,14,3,0,1.16
2025-11-29 11:07:42,1,4,33.4,14,3,0,1.14
2025-11-29 11:07:42,1,5,33.5,14,3,0,1.14
2025-11-29 11:07:43,1,5,33.5,13,3,0,1.14
2025-11-29 11:07:43,4,3,33.5,14,3,0,1.14
2025-11-29 11:07:44,2,9,33.5,10,3,0,1.14
2025-11-29 11:07:44,0,0,33.6,14,3,0,1.14
2025-11-29 11:07:44,0,0,33.6,14,3,0,1.14
2025-11-29 11:07:45,1,5,33.6,14,3,0,1.14
2025-11-29 11:07:45,2,9,33.5,14,3,0,1.14
2025-11-29 11:07:45,25,3,33.4,10,3,0,1.14
2025-11-29 11:07:46,1,5,33.4,14,3,0,1.14
2025-11-29 11:07:46,3,0,33.4,14,3,0,1.14
2025-11-29 11:07:46,7,4,33.4,10,3,0,1.14
2025-11-29 11:07:47,0,0,33.4,14,3,0,1.14
2025-11-29 11:07:47,2,9,33.4,13,3,0,1.05
2025-11-29 11:07:48,1,5,33.4,13,3,0,1.05
2025-11-29 11:07:48,2,9,33.4,14,3,0,1.05
2025-11-29 11:07:48,1,5,33.4,10,3,0,1.05
2025-11-29 11:07:49,4,5,33.4,10,3,0,1.05
2025-11-29 11:07:49,0,0,33.4,14,3,0,1.05
2025-11-29 11:07:49,0,0,33.4,14,3,0,1.05
2025-11-29 11:07:50,1,5,33.4,14,3,0,1.05
2025-11-29 11:07:50,2,9,33.4,14,3,0,1.05
2025-11-29 11:07:50,1,5,33.3,14,3,0,1.05
2025-11-29 11:07:51,1,5,33.4,14,3,0,1.05
2025-11-29 11:07:51,4,3,33.4,14,3,0,1.05
2025-11-29 11:07:52,3,0,33.4,14,3,0,1.05
2025-11-29 11:07:52,1,5,33.4,14,3,0,1.05
2025-11-29 11:07:52,2,9,33.4,10,3,0,0.97
2025-11-29 11:07:53,1,5,33.4,14,3,0,0.97
2025-11-29 11:07:53,2,9,33.3,14,3,0,0.97
2025-11-29 11:07:53,1,5,33.3,14,3,0,0.97
2025-11-29 11:07:54,6,0,33.4,12,3,0,0.97
2025-11-29 11:07:54,1,5,33.4,14,3,0,0.97
2025-11-29 11:07:54,1,4,33.4,14,3,0,0.97
2025-11-29 11:07:55,1,5,33.4,10,3,0,0.97
2025-11-29 11:07:55,3,0,33.4,13,3,0,0.97
2025-11-29 11:07:55,3,1,33.4,13,3,0,0.97
2025-11-29 11:07:56,1,5,33.3,11,3,0,0.97
2025-11-29 11:07:56,0,0,33.3,14,3,0,0.97
2025-11-29 11:07:57,7,5,33.3,12,3,0,0.97
2025-11-29 11:07:57,1,5,33.3,14,3,0,0.97
2025-11-29 11:07:57,1,5,33.3,14,3,0,0.89
2025-11-29 11:07:58,2,9,33.3,14,3,0,0.89
2025-11-29 11:07:58,1,5,33.4,14,3,0,0.89
2025-11-29 11:07:58,1,5,33.4,14,3,0,0.89
2025-11-29 11:07:59,4,4,33.4,13,3,0,0.89
2025-11-29 11:07:59,2,9,33.4,14,3,0,0.89
2025-11-29 11:07:59,1,5,33.4,13,3,0,0.89
2025-11-29 11:08:00,1,5,33.4,14,3,0,0.89
2025-11-29 11:08:00,4,3,33.4,14,3,0,0.89
2025-11-29 11:08:01,0,0,33.4,14,3,0,0.89
2025-11-29 11:08:01,2,9,33.4,14,3,0,0.89
2025-11-29 11:08:01,1,5,33.4,14,3,0,0.89
2025-11-29 11:08:02,2,9,33.4,14,3,0,0.89
2025-11-29 11:08:02,1,5,33.4,13,3,0,0.89
2025-11-29 11:08:02,2,9,33.4,11,3,0,0.90
2025-11-29 11:08:03,1,5,33.5,14,3,0,0.90
2025-11-29 11:08:03,2,9,33.5,10,3,0,0.90
2025-11-29 11:08:03,25,0,33.5,13,3,0,0.90
2025-11-29 11:08:04,1,5,33.4,14,3,0,0.90
2025-11-29 11:08:04,0,0,33.4,14,3,0,0.90
2025-11-29 11:08:05,0,0,33.4,14,3,0,0.90
2025-11-29 11:08:05,17,4,33.4,15,3,0,0.90
2025-11-29 11:08:05,9,1,33.3,11,3,0,0.90
2025-11-29 11:08:06,1,5,33.3,13,3,0,0.90
